house_size,num_residents,ac_hours_per_day,heating_hours_per_day,appliances_count,avg_outdoor_temp,has_solar,monthly_energy_kwh
1649.0142459033698,4,9.723611567339264,2.5260276391664886,24,18.6669975550763,0,1131.8826439934385
1458.5207096486447,1,3.84661966154974,2.6030224085526124,10,21.495015895110015,0,655.9427804464699
1694.3065614302077,3,5.300775626444393,4.2251014300164575,13,25.166390789677976,0,904.3343937501493
1956.9089569224075,5,6.523325945392958,4.890071728232379,17,24.10840649563828,0,992.1746408556523
1429.7539875829991,3,8.294818660383212,0.0,12,32.272766351584934,0,664.6226854184763
1429.758912915246,3,5.391552237656372,6.825668113539784,20,2.588863435718334,1,931.50948921607
1973.7638446522174,6,8.397282743982103,6.683401525883985,17,2.9045610384346183,0,1208.7626213159883
1730.2304187458726,1,2.1252753670470805,0.0,17,18.032974623918804,0,683.4027518660264
1359.1576842195143,6,3.493303613756228,6.171853392645595,21,30.77840150034967,0,853.0701684800471
1662.7680130757894,1,6.697288688668442,6.110437702662085,24,9.47481574715523,1,1022.3664020548947
1360.9746921562614,1,3.1783510038242495,4.00089098837509,9,-2.0610587175500577,1,621.0368398980838
1360.281073928923,2,3.6510589464665664,1.4056627562302473,21,26.56943524975367,0,713.705396088271
1572.5886814698101,4,4.944446271508122,6.030456183330145,13,23.949257789621715,0,877.3255236524599
926.0159266026607,2,7.542877983831648,3.5175378674052973,6,13.278332745604562,0,595.4659525674011
982.5246502460901,4,2.2080703173854217,5.0977576876379125,22,14.11568319423256,1,739.1996623416078
1331.3137412277083,6,6.340596724324788,8.438402543923557,13,14.242050242922605,0,843.080750951288
1196.150663899673,4,8.065927894305611,4.5036735012472375,10,22.88428253979152,0,765.3115400397048
1594.2741997785822,6,5.6101095831420835,2.166230616562876,15,16.989477790535943,0,792.3771431519377
1227.5927773436367,3,5.26233954081492,3.328538010160557,10,25.95251135180416,0,577.8454799596083
1076.3088895994126,3,6.803542565117147,2.4211092795180247,10,-0.8370133032351283,1,649.3679148209287
1939.6946306764662,4,5.6157778945571195,4.866979434897045,17,15.145185078977605,0,957.1038608491637
1432.2671098540393,4,8.780999562481494,2.3878648825003905,15,12.991568312711598,0,840.5879237930652
1520.2584614063771,6,3.77717397573113,3.0542971553007137,18,19.949274573020062,0,811.037491666586
1072.575544135963,2,5.89671168966983,1.4311392511848005,6,17.695617932078893,0,576.5841110265632
1336.6851826424452,6,6.411372749921369,3.735825988961713,12,28.382750239166132,1,736.8001906672184
1533.2767769129598,2,5.243091896307081,4.353509586604099,7,7.12530582671954,0,677.4733193950087
1154.7019267733092,3,0.2574346740850775,0.0,7,22.363931810646015,1,449.75804177693965
1612.7094055037016,1,5.678190183901615,4.519147122960442,5,26.466691385693643,1,651.8959378700267
1319.8083930243586,4,7.800353973824933,3.9085995378064413,23,36.85317949249564,0,845.6277981763412
1412.491875062017,2,7.556218372252035,2.470016102487745,22,18.1458722312522,0,879.9425525279398
1319.488016331181,6,6.709556964340399,8.057257848539745,21,24.595668834820138,0,960.9240003943379
2055.6834553526814,3,3.804275283301553,5.916953055209509,24,7.569097659501081,1,1139.152664190104
1495.9508325786198,2,6.790618924916967,1.807195027697197,17,2.8643503654958096,0,870.0517295236045
1182.68672131323,6,4.853124356915524,5.676473759142281,7,28.7581950062536,0,620.3235364960865
1746.7634736309567,4,6.706965811897334,6.488996152042116,5,21.955517650815434,0,974.5446661746994
1133.7469050086934,4,6.243010022803431,4.2640418452351145,8,31.428101518387383,1,628.9125275891455
1562.6590785014266,5,4.0472494574332565,4.722884073894651,17,11.012776888242007,0,869.031299468351
912.0989628360674,1,4.215088321286193,4.676693333843182,21,26.15921711623002,0,667.2593833639271
1101.5441853304708,5,6.710044908843033,0.0,15,36.950542724350825,0,624.8352974436682
1559.058370760737,3,5.557773809422996,3.6262608062992014,6,25.357644866858127,0,728.075547636172
1721.539973998623,2,4.319437138685742,3.5221743160319425,20,24.21265204472839,1,968.8626507832184
1551.4104843569912,3,4.154339620546334,6.860311273119756,6,22.0684486465948,0,731.526443930614
1465.305515283528,6,5.392338304027568,4.6674557271237465,23,9.432948342992702,1,935.5623369983746
1409.6688913232133,4,9.136209589436419,3.40477807576661,23,32.84458348568278,0,916.6966437917814
1056.4434028897717,5,4.947843935576082,3.8197505180179774,20,17.113138881559472,0,794.2605097510666
1284.0467374815873,5,5.971960923484823,6.046771163254802,23,26.035866051064136,0,807.0141679339805
1361.8083687120638,5,6.203288575379021,3.630830673509369,13,9.495725547429972,0,714.4763672521668
1817.1366678656748,3,3.737947217016114,2.6036089338167816,5,12.564322683937757,0,718.6131278786202
1603.0854868705385,4,2.4743350323146096,3.4485956141582674,14,33.48069919377788,0,629.6176886178941
971.0879533911798,2,3.946718530528538,5.881392287645364,23,19.221581688337256,0,688.7158825921811
1597.2251908184385,6,6.494154755612606,4.992329811195873,5,33.62620380834036,0,805.6143957412075
1384.475315875105,2,6.174662115830818,4.088535946698228,6,21.374154727531856,0,632.8199592320577
1296.9233999082123,3,7.4048131383021305,4.38307859888966,20,7.264817816337141,1,805.7231381197316
1683.5028866522603,6,6.193499789918233,2.880515052809036,16,29.136540797853765,0,883.5558974920207
1809.2998567487853,5,5.780901417061593,3.6121011991146927,12,17.280861457955137,0,945.8391062903623
1779.3840357348595,1,4.791975450149746,2.6733913564509653,22,27.58951050813635,0,774.5652206529811
1248.2347430332084,3,7.769213579725386,3.410441431400513,6,22.201686940320656,1,708.3161501254446
1407.2362872446356,3,4.161639722558567,6.692356527253249,17,9.655054176457037,1,878.9591574399651
1599.3790294210692,4,3.7792009654079584,1.8442563772456202,10,23.314358122964553,0,748.9400412453698
1792.6635381367078,2,7.134111034776206,2.62256466715417,10,39.5697851372224,1,832.817785985418
1356.247728646413,3,3.33368537869269,1.4914022741284962,13,25.943891668115675,0,727.3135197724448
1444.3023070008549,3,10.829581997317263,1.0581824856248034,20,21.539857975956295,0,887.7697153868625
1168.0995077981916,5,6.159986761118287,3.626456171609417,15,30.60274721565518,1,707.6289821565304
1141.1380127757989,5,6.695812232649771,2.7647816363984266,11,23.685347721624886,1,650.1543775496765
1743.7577467182593,6,4.383160350953226,7.523377861584384,14,23.676273842102354,0,942.2439107324797
1906.8720085712469,1,5.369470311516907,3.4343069076444133,14,13.26699862272718,1,958.827170425819
1478.3969635258998,4,5.146485766235292,6.578793726860049,24,23.870784206316788,0,864.8940309353695
1801.0598693676072,1,4.916330024662717,5.936012949881267,22,30.28354733133556,1,875.04334482219
1608.4908075142903,6,7.265923503019653,3.5820916895519717,24,15.311502783199803,0,1088.7617020964465
1306.4640736184626,5,5.100847923549438,8.220271164171246,13,33.395966569975585,0,839.6797690928773
1608.4186816525241,2,8.035002458168362,4.537067972929617,19,21.26635180683899,0,912.1863876471876
1961.410969939791,5,11.326364700239647,7.026018532007978,8,14.897843907691675,0,1165.129347461049
1489.2521882670146,4,5.408917519706902,6.793193783162527,12,29.981056615361958,0,824.9800924145433
1969.3930967442018,5,6.304631027153248,4.829295970209565,13,19.705646114093845,0,1065.916416214051
714.0764687730767,4,6.758964114331015,5.502261695611701,17,28.076119099888864,0,642.7393997941045
1746.5707513125672,4,9.623009625187034,5.248142830238951,13,19.665930941931702,0,1051.7931354960592
1526.1141204714513,4,5.834704429923622,1.7114771372165838,8,21.52139085176077,0,845.4678126032063
1410.2977948602397,6,4.341966160683275,4.114580708906033,21,25.948481634674334,0,865.9896195016247
1527.5282329606507,4,3.4673189887485916,6.1484944678893205,20,24.327176460720047,0,857.3962128722784
903.7293256197322,4,5.884032105135532,7.052372634723323,19,6.035745756386092,1,819.282165000665
1434.0984336487463,2,5.103239561892235,2.5587206563361002,7,13.030050079244866,1,643.6307391207229
1607.1337714535239,1,10.020018578600002,5.0576626036260395,24,29.435279878326526,1,1111.8863936148352
1943.3682134224548,3,9.539724841353932,4.301740426555069,9,20.942907288787623,0,988.7132236101223
1344.5189345179058,1,3.931254344152804,3.7642518708368087,9,17.810149577828625,1,606.8449616311665
1257.4519191320437,4,4.578479792901643,4.712005258450052,24,11.131407877940205,0,810.7590018463328
1349.472886924639,2,6.147540215773772,4.435994821332275,19,13.362109429793213,0,882.0249491893238
1774.6206353106222,5,8.794452845117526,5.082815137745176,22,5.825610880304421,0,1174.786352476502
1598.6253328979053,2,6.114026272742103,6.883433521900104,19,21.189754250387736,1,893.6699458040583
1341.0719388698883,4,4.705518724023907,5.568255181729401,6,17.212499355351625,0,728.5097225862185
1653.9802299340067,2,5.88223638019455,4.621182517745405,17,14.267296872117479,0,817.4439398129786
1529.1232648044122,2,4.743030272207907,7.729250113646158,8,21.455012598656374,0,786.7812294771333
1790.5934971598667,4,7.204954418878964,6.219859191760672,14,24.911765046821905,1,981.6016159185167
1289.3840718367942,6,4.58193257667059,3.8152031227933034,17,38.74558345767956,0,806.7973385285915
1401.7013560206694,2,4.979127895146066,1.5657591952941896,14,9.904932643494291,0,678.0480500238189
1382.3675540603526,3,8.323867626912193,2.024338638159069,13,31.275048346404176,0,680.5509531747633
1060.9455155603644,3,4.463270105371856,5.8664648966312685,12,29.784812488120576,0,578.0688697244173
1588.836083119373,2,3.1077439348796756,2.7393750414940374,7,15.767258084986395,0,595.0017248669792
1578.3165816539668,6,6.189987502712609,1.9838890457761038,20,23.625887636688248,0,953.8776479574119
1501.5340369927383,5,5.279053191590808,2.483829346625601,18,18.338934005299077,1,901.5282905554083
1429.623859987456,4,7.022831001859908,2.6252313758185997,13,23.48550864334991,0,792.5168635264982
1075.3887773848758,3,6.63494386946218,5.701295335564502,15,34.0730481072364,0,756.3617396258554
1373.8064031703923,5,5.936163010713276,3.6865158484354477,7,26.844849861050506,0,705.4396826335188
1397.185645041969,2,5.877913149060008,1.2552507994011886,9,26.068866985867537,0,628.2463548844737
1259.3168192335143,5,4.52828310135433,4.062089795524713,14,18.55752544036286,0,714.9194619406301
1451.6142865001973,1,6.166694141986485,4.444532264896483,17,10.127546680605318,0,817.6400951869568
1621.2152570443616,3,7.762569562865537,3.041326277118297,8,20.332254315676735,0,727.868500964831
2065.855770363159,2,4.053106517201048,6.3117701683854,17,31.65286523891132,1,957.573939870315
1552.3733438495517,4,5.9892052472769315,3.1581222286154307,16,9.78265714728282,0,867.2399119565466
1577.2651172168294,6,8.076777511469224,6.216675373274301,9,13.55928505458644,0,976.0226614573999
1477.6662252701499,2,7.010848186433399,5.193565559349953,14,23.010141889872546,1,820.0881325811918
924.3686354102875,4,8.618945792701426,5.853211016088814,13,14.1227617212219,0,749.3449855202778
1492.045837365235,6,4.863715340331331,1.8028983183872103,24,15.6598124230783,1,836.7255123159815
1518.069062982308,6,2.338463103210268,4.196620384476205,11,18.611211346174585,0,745.5887319670375
2238.972633745586,2,6.401303607911374,3.894343990850462,6,11.075060766478805,0,1003.2979393798411
1442.2917105656632,5,6.7251416300529705,1.1559869501849338,11,14.207025230269053,1,701.1477676797217
1590.4642027000837,5,8.73684390894535,6.210121459605819,12,27.62742333429847,0,936.2542054069166
1489.586469088427,6,8.376291469413967,2.3651982061853003,11,11.541041742152288,0,880.6162139356007
1149.3965887141403,5,7.073487246024923,2.7808643423280346,18,9.217022924041299,1,760.7191366583886
1842.8468443545062,1,7.530780428340868,1.9733683288045483,23,16.959800163728843,0,945.318714854378
1725.5799098060322,6,5.616357083586721,5.4023726521407465,9,27.855644020078767,0,874.093963452367
1737.309584112914,6,3.5617707773615668,0.9481405624548085,22,20.424625536024884,0,821.2550283943038
1227.1837635615784,4,6.23544243476182,5.235749600929136,24,18.283351375075053,1,883.4023135933462
1920.8382932808297,5,7.965146927255555,6.089027972486921,16,22.354870380124858,1,1012.3283907920417
1079.4446811623156,6,7.312721739657097,5.074356855251521,21,8.034340537122784,0,937.178247985445
1676.0571281400812,1,7.66761467831873,5.425256967692858,17,25.95764523020026,0,1027.031096332664
2157.1366877429937,4,5.144488625906496,5.519092939156085,6,25.067480251229153,1,879.8947999149037
1202.8391024607936,2,5.468906323963153,2.1011513465484715,17,18.72553220723423,0,710.1312122653172
1330.1106811191685,6,6.966850976229207,6.869469959328688,11,30.047396094371333,0,784.1145944008395
1529.8954095262923,1,4.906985210982491,3.0798474917330028,14,12.98003120837569,1,803.3478180318724
1348.9573037651403,3,4.968565860133996,3.867224764820056,10,31.02327194602855,1,586.9130966369466
1034.8009706801602,1,6.595964472754903,3.334725363298082,7,23.23594932476201,1,573.3554002359817
1520.5688924418082,1,7.521809486313815,4.983084241754619,7,19.307579280974615,0,727.3054035380887
1181.3088858821684,4,5.600942653341183,2.9239255137251554,22,21.841010917053506,0,757.0224801666043
1642.0777291905545,2,3.6736210778927223,4.133831448474737,15,21.141881873512467,0,732.1635652960763
1224.172729729859,3,4.528392169914341,1.5293123657079901,24,31.762263171341736,0,741.8786045117383
1964.9803215052618,5,6.407344169786197,6.329330417003144,9,13.386566980231892,0,959.2555903736213
1265.0240122991288,5,6.38304192773193,5.341481891900407,23,15.899846086827214,1,922.8115644271547
1403.3815451382973,1,6.482476275310696,3.415480476196461,23,30.29042313657984,0,788.3098091253296
1744.055165210901,4,7.042590581191512,3.0617019399483794,19,17.235720518529128,1,945.0845727464952
1130.7407050698134,4,6.0116211170849,5.289256492635394,20,29.204264618652733,0,775.0728708148226
1568.237980381239,5,6.530112089680624,2.5854132387280764,13,35.595487864069675,0,745.5547639557973
1892.1428262847285,3,5.909946354342266,4.250730631530338,8,18.78563978446693,0,879.5675556982255
1017.7550296316317,2,8.297466965858877,6.322797574862812,19,27.450898612602444,0,853.3831669131309
1555.3901575596913,3,8.864684062435003,2.377485761725615,16,12.770461749281132,0,863.5677395238157
1577.964838274527,6,3.621977435239931,4.737201658240406,7,28.037866384542475,1,785.1598285382292
1734.5468615331931,6,5.489496115795493,4.631450533870985,18,23.595391887894138,1,1016.3491780429717
1128.9147867365755,2,6.065448983081415,3.8053263626746343,21,25.78430625728172,0,688.2565196282534
1103.863016074717,5,5.466170575971358,2.992420831792127,23,16.83542342371684,0,709.4025853318635
1656.5824696850693,2,9.585845182661746,6.42959411378877,10,8.71133267546262,1,976.1767997300402
1589.095401969956,4,6.447910556179469,2.804862728466068,8,26.026016517996037,0,728.575213372463
1575.147855103763,6,4.389256345899312,0.37592219774075986,11,5.492774780164364,0,866.7460457510839
1603.9344628490926,1,7.192884679121342,5.281067183262068,23,19.46119606205972,0,954.9805883368152
1295.9925835264528,1,6.541949077692386,1.597393300464332,21,29.52945493135976,1,672.5960328136938
1569.676109148301,5,6.608385839106843,5.383762289710175,20,23.53518188698429,0,890.8242033048264
1587.9217419896045,4,9.61575231759838,6.669806495686888,19,37.5867411583185,0,1041.9014849301645
1285.6945745920896,3,6.701570351509618,5.259499756797348,12,30.200873220654188,1,696.2758079351426
2059.732353343427,4,5.392676952252008,6.142822603774983,23,16.76881289339539,0,1117.4780831776632
1642.1498762735362,1,2.089447147379798,8.040098213859295,12,22.21850703881151,0,821.8177219829312
1142.6089508392054,1,5.669201963712976,5.933520925217893,22,21.621034379644513,0,749.1071321134689
1696.966082590149,6,8.611939834654377,4.661146785250872,20,9.342585893230982,1,1069.2870572317206
1207.5954989318036,4,5.817661760887626,7.267896367047296,24,14.476808668125173,0,908.8192745471761
1736.1253811227357,4,1.5199002029609936,7.509551089693169,23,17.513912744161118,1,972.6506285480301
1847.5786737022213,1,5.003275215615107,7.537543566518841,14,5.710235977152507,0,997.5128626754796
1253.7953044944868,3,7.985377077825584,3.015712969607995,21,22.379947746013144,0,812.9417478853646
1789.0128387732966,5,7.09163434912403,1.291963283003192,17,20.007425242775675,1,919.9941533666523
1623.8342780809494,5,4.320238206978529,2.8936156331302265,17,8.616848789507406,0,853.5890543166558
1746.618047998347,4,4.869430447201836,5.40728323158635,11,25.233702922218658,0,774.2851110986486
2069.0378947961844,5,5.178582681795167,4.318317890664211,14,27.726981957527677,0,981.2413902943421
1426.383565199139,1,4.67457245627414,3.587038029646306,6,23.81627583091911,0,714.6809021084173
1273.8791506927532,1,1.9406522645208355,5.120962797609871,8,19.40745459832824,0,525.6909869435065
1233.145671112343,4,7.527182201239712,1.0583898366534656,10,26.73153721401484,0,620.4449559755852
1255.2569145103685,4,8.514119913378186,4.282338597383083,22,27.441762883813528,0,829.2151669015991
1476.8694871757687,6,2.9631021120705197,6.236915289695753,10,24.459228557757505,1,786.7286080112923
1602.3455924449931,4,8.487705865172629,5.098631289116457,21,15.403101996521912,0,1041.0839168653988
1583.0072397990057,3,5.793953597205569,5.3836196436674575,18,24.212806124089447,1,863.8581017500989
1748.1549747108072,5,8.450264696335749,7.19474557990503,15,31.56384520660383,0,964.0055327179768
1503.900567563372,4,6.075900872580892,3.867713430252666,23,17.22696753110616,0,923.359897677265
1936.060223147195,2,6.27108918431726,2.6938166772993273,6,38.783514713059446,0,686.889979592108
1420.6029500286131,6,6.744869293964426,6.3790300853300845,7,17.794952528116923,0,836.16968982282
2316.0507499768855,2,4.419867349729444,6.342241262067854,15,22.25925610672109,0,1088.9551849618924
1687.700204329502,1,8.389348288656043,5.116583349511593,10,16.62011523194931,1,812.9551329779516
1242.8527330751153,5,3.7572387238504303,3.6792579988351033,18,23.786166687362087,1,639.3875340919278
1178.7322505816664,4,5.195866510966659,4.00275930201597,23,8.062226458917799,1,900.3567391969754
1644.7417245729555,2,7.0485293552863375,1.4464540957378267,20,17.631665609466232,0,845.0818543651737
1432.9611644022448,5,4.981609519029073,6.225893060414405,11,13.263030397211462,1,872.954749610245
1714.2001482276276,1,7.555062481629888,6.155302619058287,12,23.082706783138327,0,884.2946552808946
1641.9712873720634,3,8.751732346367913,1.3766344990664323,23,29.95557900407126,0,915.9529069928653
1478.1513262029382,6,8.025092002107673,5.7352641678122716,24,27.16804949691641,1,1021.1944677539017
1245.9618845794785,5,2.127769372642757,4.808203310018017,20,3.0267251131288617,0,744.8667477135642
1045.5458325942407,5,6.251693939238715,1.9560517792184076,11,38.33655722342304,0,585.6923193481214
1366.0455143798936,3,8.057365221392784,1.587999597855061,13,24.362239524966945,0,725.8465874897834
1756.9196382970417,5,3.366502306355886,4.746986538803445,17,15.788006876055999,0,837.789487125659
1564.2281232390612,1,7.44722117445775,3.204591772186164,5,23.257023351927526,1,723.6438354574228
1126.2783663864036,1,7.334921563278624,7.639897701099341,12,23.40951858002154,0,725.6605569359131
1551.9542777553545,3,3.5758202161234696,5.905196789297813,8,16.66521026438749,1,732.2388523002516
1615.595213918651,6,7.668465331480322,4.9473862734644545,7,23.583333338736605,0,804.0798757449746
1234.84276913966,4,6.54539558705987,5.046158008004789,7,17.140221699037543,0,793.1602338695182
1546.1175317836585,2,7.300763577442537,6.661734360734335,17,18.765104058479817,0,967.1294333297141
1517.4626155337999,4,4.067375228469735,5.693036183454676,12,16.509766913959325,0,849.462382507698
1157.108910650813,5,6.30027223274277,4.999532876992045,11,10.538629682082778,0,742.7420123853216
1607.336208104485,2,2.5902428917353526,2.03947764740498,5,23.166691761723072,1,503.7872679124887
1668.2353579104704,3,1.446017584933898,10.123893930812438,20,26.682395492130706,1,993.6976082608207
1824.915372952583,3,6.2816568530555,1.7936344853835338,10,26.11906876861098,1,795.9766412137068
1816.1406156104708,6,8.20119521352262,3.374914525799671,11,28.559402021081873,1,886.2521596729518
1086.6991896128727,2,6.505873628530161,0.6905434471800049,16,24.594721680118944,1,631.5233802245148
1218.6524880254633,1,5.873107872111708,5.077596317538524,13,17.738196014264773,0,764.1168209185727
1654.510580162598,2,5.624931759890253,4.302220874569615,15,28.71731091544951,1,807.7164249868063
1654.1357852736626,5,4.114869217113869,5.53055287672952,14,11.13985968126452,0,955.2327028977111
1654.5143058918143,1,5.556278192409388,0.5218687377911322,5,14.794628939900159,0,720.4647314397446
2655.819447196416,3,6.843368936528889,6.225811334761863,22,14.286399428614043,0,1260.6680266114395
1671.26715320795,2,5.129555534398743,2.385129197060771,8,30.640448473114482,0,661.7107675612516
1840.6696920541797,4,7.501173707671553,3.7019896012722695,9,29.542308113120605,0,923.0199761581147
1786.2005290479606,6,6.391950067729205,5.863142537362129,13,25.89844189635996,1,811.5958072752591
1695.4173753917394,4,6.633958835546813,4.522533368263799,21,30.575438921694378,0,935.7257494481356
1405.4192266078962,6,7.777325507101921,4.663885113333728,7,14.965737740704096,0,752.8978346232456
1727.6907661479802,5,4.946489134690019,5.598357639810798,20,24.788760958887842,0,930.7426380595207
1268.1524356387285,4,7.318761172373903,4.857581279877449,9,20.998604572934685,0,732.6295674282509
1428.9544179779973,2,5.227046565496051,3.3177841949025653,20,28.77505683107931,0,751.4807840402384
1354.390935651269,2,6.67902896763768,3.6670617435295423,7,21.07820613958242,0,655.7865587325359
1524.5622418158969,4,4.708457298726863,4.4237573573036455,24,18.92045689271935,0,851.9366989994146
2194.397570002053,2,4.178592353870536,2.2088878129073306,19,26.32726814848792,0,1062.5755950009964
939.8204422224755,5,6.183729491296988,5.992017318777339,7,29.009353337529863,1,699.724756520192
1705.878057112354,1,2.2295998959577656,4.577307861614968,24,16.653238441225586,1,797.9865654284589
1016.1852386431045,5,5.407465112982236,4.149552535843937,18,21.51139462918099,0,792.6049038120013
1358.42044026317,6,2.787245988781639,6.384993118062942,20,13.532474930866778,0,834.3364448435078
1826.6851790902099,5,7.558468068627215,3.7597727135772607,21,2.0155118600564847,0,1097.575547800705
1519.284005728639,6,8.100221192217829,3.635158005695166,24,23.60367705130983,1,979.0191624891653
1176.6765666212082,2,4.272097557158388,3.0307424719920713,22,26.871242850037056,0,656.8190977423541
1285.4088872220095,1,6.856625924946993,4.68613401785187,22,24.096534472693804,0,862.664008409541
1703.8793246804028,2,7.798271427374984,4.61690021666303,18,6.403506257965063,1,987.5423951766938
1280.890010484859,3,7.804938445003566,2.6674315989801864,22,19.193204559388203,0,816.331911411024
1564.9375768745924,2,6.428901667943283,3.6446120457732,19,4.25321791959135,0,845.106929727626
1513.671551971144,6,7.468609351122994,2.680795462961534,19,32.95760886123348,0,830.8800313589923
1304.519895718255,2,4.701337376159212,2.5902630923690193,10,13.311563343055312,1,560.6909691575664
2143.183226797598,2,6.16624493131336,0.5402043365463061,19,32.04322887567917,1,924.3966688467605
1690.1757066954033,1,5.065793186418448,3.538179492636889,22,29.566957149473165,1,782.9269804591808
892.4572240027179,2,4.532424052429272,0.5955734678399773,8,14.795277179711507,0,445.2953807032851
1555.9362944308282,1,6.072126782939255,3.074368627320978,12,12.93772038985804,0,844.7633619600938
1301.4640605694835,4,6.695060752316149,2.774610708244783,19,24.802961731090704,1,840.8640445964517
1755.7300004388671,3,8.327017535909974,6.103790114531209,7,15.24540770253543,1,916.6201730072964
1262.2437784701897,1,6.5303110545977745,1.9701303873807166,19,22.81987713726566,0,713.5196499346611
1465.5790675599303,6,7.283861069923102,2.477627230371049,17,18.137379273544653,1,962.904381273894
1651.496183694137,4,7.306566346499076,3.236951721616855,13,7.750732684274933,0,935.6376561681658
1759.7265582510365,1,11.37506873139392,2.839712696994448,6,4.156255847004328,0,915.2298491652086
1139.9110778832671,1,2.3799351934548416,6.738509594843752,12,23.813473987956776,0,528.5005672783333
1399.6496292477154,3,4.624132266325645,1.722865253900761,24,17.507538029354997,0,822.1265473306431
1357.5164066517132,6,8.948112104976161,3.241191002028316,21,17.57528146468694,1,976.5218888955667
1304.0012302278865,5,5.295973850293052,4.664130498328813,17,27.566910712750282,0,747.5990169283356
2029.636272084329,5,7.771606275203439,5.762366686084013,5,31.387538213059557,0,963.825895344788
1621.4945132882867,1,6.460019047525673,3.2395168881395935,6,19.819642229105526,1,702.1015765043517
1121.7348136994865,2,10.210404802416022,0.16380079899241506,19,19.27521034472111,1,740.0293291559814
1775.358584116433,6,3.773891145872576,3.6997915568289903,16,26.00114426491107,0,748.5561493454742
2136.64685910379,4,8.443601105037626,6.70405695236143,18,11.144515442403398,0,1181.6426078912891
1809.739578165344,2,9.499162610544998,4.564374814860854,6,23.785224437981576,0,938.8012268169031
1044.1890102137959,2,3.971162245664001,4.472835724719865,22,26.41508777457723,0,641.1770825980765
1354.7297781401246,6,7.565740487162692,1.8739640168460068,11,27.441841667341034,1,745.3425193667675
1880.073344755987,1,4.0690040283418885,1.6686568194226705,10,6.505978379980281,1,748.8047700492598
1287.6991603143658,1,6.0603231450702495,4.036083297268198,18,15.909157841528476,0,783.8341029564832
1633.1458284438686,1,5.486824139635653,1.1472421554371843,12,14.973893977412267,0,729.3113533237502
1732.390216028801,1,1.1944921302006257,5.562724444725021,6,22.799095635273705,0,620.4744930182347
1221.920858526575,5,6.848468519423798,2.3067075022672756,21,25.84595663814387,1,850.0118240577377
1482.14239318146,1,6.2866783352124616,3.9506854385370125,9,33.97368325956785,0,730.348936003397
600.0,5,8.958157946811522,0.22846616249151586,18,18.040276157055416,0,579.1571052525433
1192.683707599713,5,7.222287309299086,3.2123962631129865,24,18.01942001352629,0,888.4413757049608
1424.2295545820518,1,10.581767848157526,1.6282789057395939,7,31.197376151029978,0,742.6571123812746
1125.6650454105452,3,6.214084764157428,0.0,9,24.37261550824244,0,587.0488479529307
1989.7233911794906,4,5.7889398959953855,5.083684178672635,20,32.14121208950379,0,922.1777672589192
1070.9575866118103,2,5.631286698565808,7.282319078183146,22,24.30982402407869,1,827.1166799907464
1367.9866539909049,5,5.120822577936453,6.258947178687892,21,12.743067050293833,1,873.8813549222725
1539.2221731858274,6,1.5844981672348624,5.36338137980761,15,11.334973161777548,1,788.750417575376
1932.3819867198347,6,5.5596107459840844,3.1717576641089087,21,9.587902007528568,0,1185.270399538155
1069.2413546461682,4,1.8642905471280153,5.611780457095652,20,27.296414678067784,0,672.8197042158113
1848.9491256464878,6,6.904066689171538,6.447706397147456,6,31.508774584696063,0,892.3980853397369
1503.0699183058762,3,3.5198794150588313,4.273643659342587,8,36.79489713109105,0,528.741424024017
1205.5474046856148,6,4.21133475382316,1.6312796553759545,11,28.74484265858592,1,674.8268620803426
1638.631042278981,2,4.661179610334896,3.001231402817258,6,31.302708620279887,0,596.9748215971422
1559.717908672041,2,5.590129924373509,7.405392976695873,10,17.359869338770523,0,783.5249270535808
1319.9349368523617,5,6.013736509878074,3.8505116636996672,21,12.748673466049146,1,845.5204917241138
1520.9406254970056,1,8.168959166146141,0.0,11,28.800634659340425,1,761.9248524097486
1384.405920941472,3,4.844939812984892,1.062153072659613,9,25.341446017915207,0,655.3259943397985
1534.0552035753744,5,6.96029227244474,3.151102593715037,9,22.85955499472714,0,785.7753792818371
1698.639202356314,3,11.461734466447135,6.071650476835137,24,25.098971845063918,0,1142.6858195515242
1975.8050448436056,1,6.754701405526459,3.453755295186176,20,24.585483859665647,0,941.9084182724145
1128.6553503519453,6,5.639020422136732,6.10886330994652,23,32.27053487882849,0,831.9204616997143
2139.91001239688,6,4.4416966961434055,2.9476752929050214,13,32.35988467853565,0,938.5561101840494
914.3736601432495,1,5.611336909159343,0.07141495552877375,9,26.353762818722778,1,482.4010262104332
1454.464471489325,5,4.227559312781189,3.016877682803831,12,28.766422980503425,0,759.425515102841
1676.495161945373,1,6.537322853367545,4.68989000309257,13,26.112500419398206,0,851.5407878317395
1584.2975603205098,4,6.207088277278786,4.523900698682627,9,18.310642143723047,0,797.8951846933008
1313.1901440538218,2,1.6755615581644134,1.4897845014867288,14,28.05251739930512,0,588.5753347215824
1437.5633248928175,5,5.962883988467865,3.2976075963924694,6,10.844039449125907,1,736.1627074498612
1352.0997196023502,3,8.152292625280026,9.369348476128147,13,30.431132418367064,0,826.4350853445108
1323.1905729167365,4,5.201776295594501,1.5334623474062465,15,12.44381648187172,0,710.1749871718464
1754.8806291063074,5,4.694206455176876,5.3214467889274975,8,24.286426294357863,0,836.6153561960067
1607.1046457895143,1,3.244598453766295,0.0,6,15.238768332590729,1,630.0408392664767
1292.1271214218036,1,2.284015916751191,5.727583649139324,10,26.427111864595414,0,585.8324631264634
1769.8799626299751,1,7.662698534126509,2.2153492196231066,18,21.72859819257673,1,828.192706394907
1592.1898562629829,1,5.637043340841608,4.80417651640588,5,9.241952334693341,0,754.7777978888136
1743.858635651688,3,7.544043124006846,1.4169487964635974,22,25.36559704814783,0,934.6736555833336
1688.8886525770836,4,9.062647489158937,4.5817056003534145,11,17.376633785338313,0,952.0288750982894
1251.3014967233782,6,7.842495369820691,2.1826994085171236,5,29.049173766506954,1,705.9528759310739
1331.945687940909,2,4.915255357122408,2.5699036340667494,5,22.01060550987526,1,630.777508466537
1724.1880815369786,3,6.289735329315111,4.883972012790061,5,25.163367883104307,0,761.9786006813764
1683.1110796300395,3,4.770454269686163,3.1392290472059674,8,14.339448359878304,0,738.1537435932033
1493.7295218107556,6,4.5834230747966735,4.760762896432622,8,17.285342148581105,0,724.053729348279
1535.1982149926346,6,6.685630324805247,3.6183173627132987,22,18.330890911191325,0,990.0146806526374
1883.2994687365274,2,4.335412233763655,4.13498736249455,15,28.853619841940446,0,921.9550396060049
1322.528583349251,2,1.5816967618225979,4.890172942706803,5,35.41901670244391,1,484.09330640169844
1664.1292143510113,6,4.2237042085452465,3.299963090817718,14,15.55862598605699,1,834.0832251408683
1439.3422042698319,1,5.386237702625254,2.007900427996452,13,30.614785157261444,0,733.1113847796745
1434.695639031834,3,9.042796995663844,2.93537546814042,8,4.642580658194383,0,851.536276650122
1829.633055596157,5,5.0181251002572695,6.390278359666872,10,12.446484791261685,1,953.6209422448838
1747.624904696409,2,7.02384818205855,4.232346168153099,20,14.329772350505802,1,903.9954569732447
1744.0528908001916,2,5.663383532075861,2.3102030931790525,6,11.179930484474221,0,801.4011294160833
1891.6436421462986,6,8.452810287740768,4.803121216775438,22,9.33129288169936,0,1110.4250785023316
1506.3011524898277,4,8.314192770927917,4.936631169878277,14,25.30399129710238,0,825.8648052296567
1704.5858913884892,5,8.35235021047984,5.039998151595621,21,20.28745841817711,0,1027.783531617588
1406.9199730219632,5,2.5320329411652946,2.0443255992574287,17,25.03524318084088,0,666.8679617059128
1597.2499057465327,2,6.413448094489989,2.63521801142821,22,27.523781488972105,0,848.5642051286054
1460.9570836896946,1,7.517877200243896,2.646341567225977,17,24.12493594538027,0,719.7369968951385
1529.0987894978155,4,6.763077125178662,3.2787041758676163,21,27.262105409202988,0,929.5351475919381
1678.5471076310741,5,7.273192651643658,5.077838370287469,9,21.443741710061843,0,944.003805581799
1254.5337950299581,2,6.116702008570955,4.592369609462027,15,12.504052893554043,0,666.2457985247989
2127.716182705638,5,4.510431586546946,4.750433914314325,11,30.46251344656637,1,980.6196727052799
1198.1947855500894,4,2.6058052300274963,6.708038284743046,14,17.287102937750984,1,658.376591806241
1135.7434161636804,4,4.708861142703049,5.37778186498326,21,14.515229609900594,0,835.303278735783
1847.4332620500204,3,11.356219747276786,3.716396750007825,19,20.576656993564814,0,1082.3111116830669
1737.4988081888807,6,5.028697647818656,1.632229647895001,22,14.697512645627896,1,938.957916877197
1687.2359451156465,6,2.0812195478185123,2.5709059830582595,23,18.660556944084544,0,864.3828385880074
1688.503652779284,2,7.465298721458165,3.4765898646435462,6,24.752431372507733,0,839.0645272572614
1496.3259681459256,4,7.710920017365289,5.658259654672228,8,24.786733913969016,0,758.496381603196
1230.8236885542506,3,8.57464878030428,3.9453361317878133,7,14.817359468594965,0,763.459987240604
1522.7413674581178,3,6.941957007413561,2.6876080902231134,11,18.09835701641004,0,839.894934422484
1296.8514865463665,5,7.691203028933903,2.5342142285455482,22,30.59466403816195,1,863.0528181707032
1792.5359200253254,5,9.680434269683982,3.8608435821575475,14,25.97120094187153,0,1110.3098472834042
1455.8827855493585,3,4.50905301587577,5.7799751244342,11,38.600520314788334,0,677.8417644697859
1252.3508409622466,5,4.112298589152565,7.182038611550235,12,31.44102538993222,1,762.6956542083726
1403.584247504102,4,3.8108269208941423,3.5884628039406645,10,31.154344548479514,0,649.347637939888
1623.8794362826873,1,5.468460827012034,3.9105136384748036,5,10.897051596353585,0,796.0647733581758
1330.8826341588076,4,8.866844839650337,1.572116587685234,8,28.11088281306738,0,707.6611447673348
1253.3338813300707,3,7.05613673549247,7.878385138198933,18,21.575145586424714,0,850.8520596979139
1573.1061634475736,3,6.977383905418436,1.197994323687832,21,17.592145571694005,0,937.8535066219891
1573.4899713326167,4,2.361384142670553,6.3433246235611005,24,23.344122724260227,0,863.3376223140436
1347.917047388661,5,4.6136263455271616,3.2693280939750586,22,29.56169227689187,0,720.7809699585752
1358.6885083145032,5,2.3286847342759263,2.8012670123193617,15,26.006652728033693,0,642.986708754844
1569.6149812072908,6,8.342491578643088,1.7799928562281466,18,14.972209589263521,0,971.0816595144635
1065.5746975508027,3,9.171292985771466,8.820097298814268,13,27.939671308740962,0,886.1396035389446
1077.7608676870334,2,7.559133454480763,4.442983246556789,19,16.899299663392288,0,776.0248313739135
1284.4667336242692,6,4.02642790852091,4.042560874208127,16,23.73346495171429,0,811.5613937910244
1435.9658544864458,5,8.964044987231581,5.773464719109085,14,19.573199460182927,0,858.7318309544765
1593.2722696794015,4,5.49349017994958,2.698334548740074,23,20.249069986114993,1,868.3752431781213
1942.6068650848656,5,3.571081438494677,4.0036919104620114,23,28.129943800324078,0,958.3143464383893
1757.2978869606059,4,4.071191490776616,4.112672573624242,10,13.678450241472817,0,824.4592827320374
1452.0184410109719,6,5.139686728816327,2.975708535303734,24,37.561560594215464,1,837.1319088596377
1494.2951376291933,3,6.099157040969414,6.399276158371828,10,7.431311445644029,0,886.0046040131074
1199.2411906086572,5,5.677311576696413,3.5626911770081917,12,17.218658533961143,0,694.0626526297634
1494.446059202283,4,3.1746631636579457,0.8937358932623409,5,24.96169511953393,1,579.6414637064347
1413.4024083239585,3,8.426632818371283,3.3970052729582525,21,26.67451333148248,1,867.3469639049846
1596.8155681014268,2,5.698788161126314,4.498357343427795,21,21.196194235426358,0,841.5984434263052
1251.8307169343032,4,4.572492287458698,2.2130135322247835,19,21.54087437598766,0,713.8158353292193
1655.8039542723518,6,8.220604723965529,2.370810413659122,11,25.284400682620934,0,866.6363341113074
1959.8216739007732,2,3.6331876234669376,2.907481923747919,23,20.151444180338558,1,920.2174704406958
1467.3719554629427,2,2.7422196328509707,6.4424713201339205,7,33.145450063479245,0,639.7681265014704
1620.5135166296825,1,8.544974893197478,3.0256839547085876,15,28.71479291385282,0,842.9314047021243
1707.0431975133338,5,9.782775699100679,6.858234037102061,24,28.98259480804508,1,1092.2844890940564
1379.633858434249,4,5.075807962697203,2.7700991237033286,23,14.270746213036663,0,907.0108371312247
1567.227744543125,2,5.9080599841657095,4.650028272513084,13,21.364892604754377,1,740.3016791429278
1503.7777202345385,1,3.706670570958193,3.1075146515604977,14,19.59627241023437,0,666.1130507213284
1529.3028295646495,6,6.010985100486787,5.508166340580944,6,13.955188994484274,0,966.3614174209083
1268.09706484336,3,5.048589472537606,1.7634516908694415,5,24.881313471566134,0,510.3693819196771
1507.3530522776828,4,5.795743119930002,5.485718959154463,20,17.698833937761467,1,838.0296373158717
1649.3994873736349,2,6.818516775194485,4.227738800619368,22,27.243230638801897,0,954.8316869379951
1935.3430823385124,5,3.8037090439383068,2.720016366445102,21,13.438467496845346,0,870.9245829496836
1787.781247825562,1,5.276377321534865,3.6675570305796987,10,35.75232490273457,0,737.5742777908085
2145.954737253467,2,2.3924371564436435,7.067709882064349,18,14.829338731263505,1,1109.754777788452
1269.7957311335852,5,5.290025431773424,4.2756890097615665,19,23.754418697603487,1,707.193083129162
1761.6961910162036,2,5.813131858166001,2.5945439681747224,18,28.334874483104542,0,751.6251853862562
1555.0026017215055,4,6.457964850122156,1.5906134343437746,7,17.434876558399097,0,662.4984806832989
2156.9408799653015,4,6.479153080726418,5.010808546861995,23,28.819749147463604,1,1149.7359929199492
1257.5105143934545,4,7.807845501473712,4.391690494021371,16,12.16653121759667,0,900.0223440818072
1248.0834473457671,6,2.9206669614533602,5.390041390176447,6,33.61694159346048,0,578.7622714142861
1320.1822063667933,6,3.0274459400994123,1.0755505206203155,7,22.113194119726067,0,621.0728586658049
862.8312827070579,1,7.05791587278504,1.6554790942170001,22,17.22870873624896,1,713.2335036829361
1342.2734934957716,4,1.922077445989168,6.293758398503799,5,19.606545820580525,0,717.1568354282864
1272.2602015338907,5,6.366600424209986,4.662683293558681,24,28.471354155141753,0,851.365910412173
1545.1181359428622,2,3.6394141208202124,5.066801702475123,10,17.324357665196494,0,618.8101689737775
1602.5267927331479,3,9.145629281834363,2.0746259357840935,9,16.00513848461778,0,796.8319270071476
2062.851251764766,5,6.500904815455555,2.038025603342163,5,20.227707219330096,0,865.1151765779089
1785.127151455815,6,5.5616879605738765,5.982517316384177,23,12.584303097840255,0,1063.5308416563346
1326.928903301279,6,8.455441754278358,6.076755309530298,5,36.564351263534526,0,751.913797196909
1230.4755985954926,5,3.8731959868580983,1.8233610259418924,20,17.468843270282214,0,780.9779998546248
1647.5757514519516,6,4.253180731824383,1.4412590082943098,16,28.65293428944323,0,857.1900423631306
1103.9300378938074,4,3.477090332689782,3.7828140585751115,12,23.675760669182182,1,586.1515861531033
2049.4376297563063,1,4.269921547302014,2.4013030932479875,20,14.123727596144256,1,989.1584504885601
1853.832036216386,2,6.122231218734775,2.359646241907949,5,21.952362326298164,1,780.4242975241042
1359.2473043685886,1,6.987903743987441,1.4972435071452148,8,28.272022234485984,0,625.8258869928375
986.0596412727367,2,7.922843370735086,3.0631323034392666,14,20.493909319309548,0,708.997102616553
1906.1617122496239,2,2.350551906198522,1.690610514734268,15,31.544903566808223,0,753.4024133360066
1465.6380464242147,1,5.656274027073416,1.8091981939815267,21,30.17212314225491,1,846.6564179118536
1871.3448935920385,5,3.7836709376183966,4.596783693132609,11,29.351318837266636,1,764.9564005291957
1021.6717023616899,2,5.589425817023798,3.889603531425247,16,18.322745821816024,1,625.3024443425579
1320.1874931138682,1,10.66832716025408,4.9697573630642635,11,13.361260417748104,0,840.749848100856
1501.573109915455,2,6.58372352400003,0.7019331293013873,16,17.091299157097644,0,789.8024207122716
1514.0941781294225,3,7.798929942296492,4.019761219659526,19,23.569927525333764,0,957.2849681685826
1364.980358556227,5,9.921382544322093,8.151275084331676,6,26.366293708258844,0,875.2353633749696
1686.8549797042497,4,8.254716486349515,3.2554550314288018,18,4.62742876191642,0,932.5397379375291
1179.7138711852217,2,5.1041710406260306,5.649498013144596,17,21.935094387106,1,762.8288092955414
1457.286154493612,3,3.4483358268601236,5.632013697548847,8,23.264713802585476,0,728.9883128699055
1536.0886895135698,4,5.939711460958298,5.730397216002551,18,19.779645949475587,0,807.4954668806822
1654.3316502176247,4,4.864588431562629,4.333323374114646,18,32.330190712127035,0,847.3998945167249
1713.484463426667,2,2.9509574267616516,5.132171965488428,20,25.374240594006967,1,756.8329006907742
1162.6073724486391,1,6.481849994578937,5.3980272400260105,11,32.48153526464718,0,613.1118457305407
1039.7657487793133,2,6.531772596118666,5.270892056628716,23,20.272315837198143,0,734.6844868096006
1883.3030465695526,3,9.538233400526572,1.7651636529732078,6,29.4998199400554,1,887.7137971354274
1599.6942035938775,4,5.276473862326372,0.5852310349120264,14,35.080531156220154,0,724.1246435745119
1275.454039033034,2,6.560242777938898,0.8928329131703858,22,32.49354759418129,0,652.738746601445
1965.345592656757,1,4.669029170619569,3.4596800152346727,21,13.262867252570135,0,1004.7377037573665
1534.7023902878575,2,7.746338861386931,5.187853468845288,9,19.970591379660952,0,746.2241926625327
1853.789155219148,5,5.750764407619741,1.7911774449768307,16,19.23868235640163,1,921.5190481101167
1520.2555444230327,1,3.654816782294515,5.847940917168808,10,25.91403628061062,1,652.9632589212391
2118.2243774645963,3,5.973056356669684,2.9954496509842277,13,27.490828440116264,0,918.9463757289308
2026.6022527329615,4,6.7810457951300025,3.014489577611842,24,15.28885860779411,0,1117.1435738289122
1425.310755456278,2,6.510546774827126,2.3277860082407993,5,22.5427081113355,0,675.3569617913474
1791.4712852863067,1,8.09179343099174,0.23042728196745266,19,5.840581342750909,0,998.6714766495797
1693.6127848755443,5,3.103887255918621,4.458628256869294,10,33.53556004641512,0,745.1342168751967
1910.5894672597046,1,4.3145148199701175,7.4253354256771384,23,17.90100607458645,0,1036.1659441151148
1210.5229618259687,6,7.279574663591075,3.8746709529348733,22,22.446911518755975,0,843.4120735197806
1705.8154379995317,5,4.549462044077857,0.298736716610295,10,19.52280228809551,1,748.9870041008652
1817.5273460548763,3,6.480942498660414,5.560685623232892,17,31.16822060010732,0,961.9651193477347
972.3781540730657,4,1.160509505176475,0.7504040197940216,5,-0.7000515311790316,0,442.9189264680303
1145.0224462002675,3,11.431893144625764,1.581931206021629,17,21.86711726139273,0,720.153810607354
888.2303466719699,2,5.460562936885328,3.523323655372858,11,21.153449940018415,1,558.5628455276708
1419.1779496666327,1,8.387912519976556,4.245686877080396,19,18.37090889926654,0,888.4802826109849
1715.2626767387887,6,5.326204348833018,1.9826719976663432,16,35.80981236508506,0,795.9492407831364
1950.7071156288084,5,6.829397057461773,3.445367886868039,5,14.90136432915383,0,840.9309740714605
1522.2284341259326,5,8.983839292690545,5.430324801521369,19,28.174369417885288,1,1036.1418578570133
1988.5846636713875,1,8.331612038416772,5.704357769616037,8,24.85002230964867,0,963.9750640699303
1085.9695625355325,6,5.591090040629551,6.502912843628529,17,32.09215402028413,1,739.8958630420312
988.9852681934535,1,5.729491349212615,7.818837304586987,9,16.662487321779956,1,586.4705041573769
1483.3356903310143,2,8.007133120366571,5.619778643322233,6,16.136248807009927,1,750.0751201328162
1615.2196346817923,3,10.666488808570602,3.5665269711915193,5,30.768559259819188,0,890.382492102487
1490.191575571772,5,6.384565348798082,5.718627582245945,20,25.40257046664088,0,926.7195436798822
879.767369988037,2,9.914127281083282,4.9334324680103645,10,9.640501226585931,0,684.0011853539072
1473.2639881461635,3,5.517171179159588,5.012733955052509,20,17.685559884293838,1,889.5909369322403
1108.659149848544,2,7.903920727019604,4.354437570143371,18,25.091061230784486,0,711.2914214682511
1700.9017646490115,6,8.202311524494572,2.175891795692187,7,28.702113772372712,0,907.7819636178123
1609.9794738290545,5,5.180078992294453,1.9438071843561398,19,16.566154774456358,0,934.3135230646676
1218.0360641017935,1,4.505843841396716,3.805763597849715,7,-1.314047918535529,0,619.785627417918
1345.839924798992,1,8.290778377094705,4.2978201516927435,6,26.185785485896265,0,661.9869710916881
1182.2359434333146,3,4.936886125513887,2.6411181541365742,5,12.237434480448194,0,458.29633587461444
1481.1962708180483,4,4.211300174649194,4.846683897217151,13,5.861289615020709,0,744.9121561333567
1786.5426961503715,6,4.632080996401806,8.16153180807838,13,-0.6586073998731266,1,961.9978033684558
1204.2821860993367,3,4.928773323149176,0.5113385614434849,11,28.51184688158193,0,570.9547365420236
1651.2139546553533,4,7.713234209251355,5.1644889551275215,7,23.02893960323973,0,836.0863166986533
1340.9227144882677,2,7.030085346552376,3.8680507582183794,22,20.194748954301986,0,777.5389419409893
1262.1381503212967,6,7.4313164895157815,4.90131111066931,15,33.11219490370209,0,789.0557927133356
1467.8908920136328,2,6.842759622196165,3.1385705990794177,11,27.09859746418458,1,750.178735130396
1189.4273032741878,5,4.812319675506722,3.707880229905666,13,34.93040034177533,0,677.894553938491
1333.9052083958454,6,7.394205711816545,4.259000902016198,5,10.858116222664028,0,682.6488606435549
1140.6366322233455,4,8.364907653210608,3.396732232929479,18,21.723595008368292,0,787.664366606562
2089.4175398749167,5,7.169006432238618,0.9589173652602025,24,9.066293000415886,1,1035.8628522238166
1510.5790655915187,1,6.899311813251701,3.532169938711094,10,20.16494134515626,0,795.8915246045149
1290.0823476022242,4,4.465890986858647,1.167132743607612,11,20.01107316986658,1,663.1887351323609
1564.1939732202666,3,6.423634157948956,5.3063862211606185,14,27.012909098104565,0,795.0366817274795
1466.301585092751,1,4.359517341102597,0.26890979784375535,11,22.364511049135185,0,573.8608117448398
1433.709120140033,1,5.951944283838792,6.05730875891178,6,26.987257106239326,0,671.0323944725819
1684.2500100130276,3,2.719466721549368,4.859126000406959,8,27.627521065111154,1,591.9219581188813
1727.2523130141915,6,2.7348831940158136,4.86677723146779,21,39.23942941906513,0,882.963438798842
1340.8496557168419,1,5.61790462010594,0.0,5,19.477626757711004,1,527.6274046275614
1327.254527806596,4,4.903120656346021,3.3428011238168875,14,14.471818394668968,0,792.7036961713532
1417.4844908545067,5,6.213574386948347,6.30712685731972,23,23.968668922531272,0,884.9007764107336
809.4236505793245,1,5.730462841769762,2.9627840419394107,19,15.581759782883651,0,572.6429202956823
1045.4426813404343,4,6.06038157442031,1.8438757000725716,14,33.855686147492285,1,517.1265364196568
1910.0622802333573,2,7.217214884713481,2.7266598099885755,23,19.73425568843814,0,958.5649571475886
1993.4903140503852,4,5.073462088678335,3.863444754721324,16,17.475389057008076,1,902.6272745520653
1425.2891881330866,5,5.561112376710274,2.2972590993743776,20,18.229474230791055,1,874.6700090951196
1672.9670889167298,4,8.910042445526328,6.4676344641785875,13,27.747339387773128,1,917.8387664958598
1593.3750463630608,3,6.006168253650054,3.870664940019215,19,20.73802413414812,0,884.5747308853402
2423.6642425365712,5,5.641579050749223,2.8888613041041435,21,16.866665438956943,0,1141.2778086018236
1835.872473430373,6,6.165025398646379,1.3973129463288414,18,35.32281534098825,1,825.3919265982429
1461.62472255577,2,5.677271253980939,4.968893210557876,22,15.150641274706,0,875.9301173447118
1213.3378678198724,3,4.58085541409355,4.923332589422726,6,22.28452859226395,0,645.0909783031428
1018.0661039227282,6,4.003940325640559,2.4155821876306165,8,27.218449212881843,0,481.7866658046317
1561.039090760167,4,4.47313731969999,0.0,22,8.949319116663414,0,873.7478424071286
1273.094776414709,5,7.745838373541574,4.821524379151769,11,25.8420840112474,0,736.9925817383603
1073.3238871206977,2,4.740189490563175,3.6263932174779954,17,13.559138596156405,0,648.2031556577373
1306.028134727242,3,5.690150796327447,4.672142335851338,19,28.58226224667202,0,803.2924264538719
1175.5355989156815,6,7.401472570265795,7.914349067279277,5,14.29879190464819,0,759.9162917020159
2006.1424905217696,6,5.443217658378043,3.9463363125818804,15,27.542152254790885,0,976.1022010700403
1764.4919270848352,2,7.266722629687305,2.9723227663144565,14,30.8466645303577,0,832.1875641634446
1497.6082076050147,4,2.918413915138266,1.7053560647033197,9,28.89149220506244,0,626.143855174031
1943.9832416670079,2,5.734966640916207,3.3751564170099018,20,24.01053318590482,0,833.0037120293164
1523.2104922942856,6,6.157792193197017,4.321154699231283,15,20.149592456562406,0,785.3981783727455
1241.6147396015208,1,6.046277446196336,4.106614841197521,10,17.38864338932125,0,699.4060749936931
1956.9372231808973,3,2.694162604322232,7.446930680134206,13,33.768277526536835,0,928.9280833678511
1661.6730131053976,2,8.40622529286161,4.998171130931885,17,16.404038238658856,1,905.8845089792446
1188.826153702063,6,4.290654110057167,3.7303982569855805,12,13.703471411440031,0,695.2103321588829
1442.8983965749176,4,6.6700742505249355,2.5868788423330544,18,27.32295148026264,1,816.1260602865868
1237.3145239845728,6,6.015928565294661,4.533345527566641,5,15.630905574508038,0,740.0276452384824
1085.1600807106993,4,8.007419047621354,2.1859836832346815,21,14.399492020270984,0,694.8708344240819
1777.8532642594923,2,10.374977658748413,4.359662159075813,9,10.45116590264188,0,924.2681538712299
2072.8249921410393,4,3.419271030914328,4.974827853809686,6,18.136721284315858,0,855.7866976459225
1080.4297278542576,5,4.702172237455002,3.567095554457105,13,21.338279808828055,0,689.1673058171127
1668.8907710071712,5,6.378184987678104,2.7394271118697167,8,23.944733821285592,0,922.9977209537163
1304.807229263452,5,3.7892933648944167,0.0,21,29.610449954395868,0,670.9428666977225
1353.862384870591,1,7.56436521591152,6.287673452840782,21,26.21518338932635,0,797.0268916426024
1322.2818227283392,2,7.6867452443141175,4.806600780490563,22,20.47302224357456,0,893.6795306655071
1240.8027690960553,6,7.1188981519900745,4.855234563169565,20,20.41443458896224,1,934.1244615021085
1514.5564883834481,6,6.473163501752395,0.8772953284454004,12,26.08125975132147,0,770.898867422763
1250.7149650766887,1,8.73941755593956,6.759677399480115,15,32.180561303428554,0,752.0193652430976
1581.1370477339517,4,3.688749036662276,3.0695662667638395,22,23.0105135958656,0,886.8193218584233
1484.928567165259,1,6.130536390685107,3.4224093946010274,14,18.24695316631673,0,800.6265892346975
1428.315585940077,4,4.522394262539557,1.8614262891623494,17,14.057071991315636,1,707.3077999450309
1227.7309013875206,4,7.779832665130337,0.4261085373203035,21,10.438357884702196,0,829.0934650135312
1326.9686008295002,3,2.3333176709871344,6.314692623447134,22,27.330157376348186,0,815.5901807463702
1726.6173677477268,6,5.943832268814041,6.573194738795249,14,26.62382818911646,1,999.2679293811693
1650.2751562873143,5,6.670477374139897,3.6689436972933454,20,26.61890820085329,0,927.0441818175258
1206.7334265604347,4,4.105015730052451,2.6412308603872994,24,20.97072442918355,0,736.653892830671
1529.7996916287677,3,4.747619935556867,3.2459116617314834,9,33.255477967134006,1,731.1458963148428
1725.4161370115366,6,6.030757962744211,3.3007700199289007,17,18.12705204332146,0,879.5200092916357
999.1784156635885,5,7.910192758882952,1.6002805556408033,22,29.642153897657643,0,757.5164576370437
1663.0080577139806,4,3.9342615428258925,3.4154895691123195,21,21.690056840083656,0,801.9972453786155
1301.212872316246,4,4.283100119250628,4.306203985868651,13,17.1331938825653,0,775.4346763587968
1671.179600577948,1,8.251175542080688,6.036314495297503,18,26.74024245854209,0,930.2365554751673
1271.022253037245,1,5.45404920016033,4.028488328027424,21,25.27708894947195,1,802.8255674096879
958.5353698006443,6,4.444921920310045,0.8472965822011282,8,24.85578207413541,0,535.632882187337
1011.7372686350511,5,7.457369594433832,4.707095726397353,22,22.65022737644959,1,741.9856413468628
1514.4254839984146,4,5.023606005535506,3.4881388766604933,24,21.69685534626535,1,947.8213934361879
1577.9167505164446,6,8.054843070677547,6.740819387967733,19,41.10697594296351,0,1043.8038251737225
1228.7050124686775,6,4.672559246040576,6.858915604088015,15,31.474053161569383,0,812.2959621186307
1691.577737633212,2,5.680810876350008,6.9289086245346,16,27.782615159884095,0,856.6445269579425
1001.543981319312,1,7.889943330777463,2.876824129253441,13,22.894393265627105,1,608.2643827355473
1480.176060405805,5,5.547478257652497,7.979710146675115,17,30.057257604773355,1,896.433565552524
1136.695140071263,4,7.512106644157293,4.701885009791414,19,26.143958211131615,0,759.231513721173
1304.4491676593523,6,5.86890478643799,7.252760811337266,19,22.209638022192284,0,981.1010007420841
1514.2196013949242,4,9.963383612800058,2.9947607723364804,9,19.571485397872678,0,861.7475535778922
1241.8759904148142,2,9.137557208205697,3.402806524780747,23,21.352661298698493,1,721.8324715737383
1384.6333367310524,5,3.343807475132504,4.548054705344171,24,-3.363405887024445,0,932.004290303396
1801.8878427643322,6,7.044487362496019,4.303755219227879,18,23.684806714381136,0,984.2913512922487
1326.9324391430555,4,4.367192027797916,6.509623886938339,21,18.092191359117123,1,841.4291082933576
1750.7076336195425,1,6.383013877585461,3.5357413629030914,22,34.74135998626307,0,867.8474160354868
1161.0879436027146,2,6.136741258620522,6.329229980620713,7,22.154752566494036,0,702.217577289594
1658.941253374585,5,3.889225965815025,5.4644690142653065,6,12.488292643720305,0,857.7219164395655
1932.47058619737,2,8.11696908706065,3.5732155627857027,5,21.600958766975058,0,883.4794961034488
758.5066499618132,1,6.4066058871381495,5.309353234964627,14,13.631031319499966,0,591.0455535508823
1260.931423358857,5,5.430633928654833,3.0534699063339024,23,25.787259325699733,1,792.6860351331483
1673.121638154162,2,5.12378035151281,8.700411600011442,21,24.327578914715883,0,972.0364763190315
1439.086384187102,3,6.279553939532471,0.0,16,29.662717048866142,0,664.6051106046021
1611.3437620113928,1,6.8158500350285705,5.345886408990078,5,15.672945666443477,0,807.6447030881649
1318.8044439852538,1,5.750048427283468,0.47080818144590575,16,22.272064769825175,0,679.9946293901287
1525.97693624187,1,0.33496085844758294,3.548686593563863,21,11.079825636586918,0,805.9234192841006
1453.2968293823762,3,6.033781432484967,3.828783821057508,7,27.611958255397717,1,750.3408752962179
1850.3346184979423,3,3.117035876780445,7.015267117827368,15,26.150969443520978,1,847.5949706153717
1576.3262529903639,4,5.5810948687018485,2.6156955758462193,21,25.966440168220565,0,897.8547573523662
1601.2807986225607,6,3.1908714858607166,6.616023831323556,7,22.01295225085553,0,738.8899774524671
1376.4369101632599,2,3.1670047298410653,1.6423667195504064,12,25.318183126310327,0,633.7955813541241
1353.7181327782519,4,8.470243643897057,6.693339447509732,24,34.83471286646877,1,913.4034713436849
1370.2325436541137,2,5.359816038111219,3.051309116193054,8,19.71924594366389,0,605.7709473731048
1618.335642713489,6,5.206675680356165,4.1468690384822375,11,23.109161469680675,1,835.2797483184238
1373.704655753921,3,6.965048097657183,3.327242673779192,18,13.310989606548722,0,704.1211274158367
1586.932457068924,6,5.258818953855096,6.564726948231208,18,15.053912307213341,1,868.1342342897772
2122.6202395936316,3,10.20761218425482,6.1754796864674955,8,22.78250634474646,1,1055.2638569908563
1761.3374110295076,6,5.453960478547961,4.88700344116905,20,30.83146837361526,1,956.1179873068286
1402.1929403496476,4,6.730250823966021,1.6962632308264518,5,19.94975340598742,0,654.5242185947021
1860.3641766491835,5,7.941882662753722,2.5699562639395146,21,20.11266776550301,0,953.7456266099995
1377.5773880935346,4,9.20450645121382,1.9428469489877491,14,18.744918043965,0,785.1134704493406
888.5626394466439,2,4.51598772868472,0.0,20,17.721946633245416,1,567.8631115132446
1197.5741067247789,4,5.16407299232271,6.522636203700093,20,24.359771645670573,0,834.8365544939096
938.7624236922433,1,8.54918375058703,3.344352947314606,12,10.021938838570843,1,658.3684074231312
1394.5459547876073,2,7.620124608105383,3.3230120714154054,11,32.24751661333382,1,768.4262822790729
1505.5255137568656,6,8.150351871336916,6.99220446685112,10,16.676621614964315,0,955.1005265755738
2002.9311936825848,2,3.2625909128806634,3.048022795227265,20,27.77522788350513,1,844.7061204829113
1598.0782121292489,5,9.095999507848038,2.3190581286281384,24,11.840011220848993,0,1018.6594775744105
1434.2698413573407,3,4.47718491343039,3.5505087589700306,20,27.350721044369745,0,706.0252794288607
1748.8216743550468,6,6.384585956283792,1.7346618962462075,11,27.375556862515978,0,831.4207690314141
836.6594072976345,2,5.703554244816459,4.688711538575912,13,25.073616576047172,0,627.7450903141455
1570.6843674325698,6,4.24303432690386,3.252675843471659,18,14.044571825601661,1,896.4654740305441
1731.25955816609,6,3.174928473157994,2.985457178812375,15,23.996385516784617,0,896.5715326006266
1056.4241262660476,6,2.5123037667342043,2.812193655959396,18,12.535550522124888,0,653.2277914110329
1843.1262129620786,3,6.238036812107949,3.787557012315977,11,19.977893959230517,0,947.0112322856631
1601.5489222483243,4,2.9493618195330886,4.166962251039702,5,30.235304807642606,1,639.1668414382922
1375.4136258297597,6,3.7323688098262338,2.9600498231849564,17,28.373615416565936,0,813.5927123370797
1689.8345598318854,1,5.56392824360356,3.2824681278097065,24,22.121463540323465,1,891.2407086027721
2181.2078573413187,5,0.7223829994802005,3.8369543463613023,7,14.201547392617265,0,886.9179456289887
1554.5598765175484,3,7.557959424088002,3.635163728920922,24,27.164701697393546,0,1005.2817362591951
1574.4661758901009,2,1.180223665786384,4.062151933750028,8,22.155049901584203,0,616.9519519528775
1362.1917301379267,3,5.845255217334454,2.6466583935039725,15,3.4374752141566134,0,803.3290910795577
1245.0466891605624,2,6.0300384531885785,6.0091858182529805,6,28.261038610532147,1,706.1087398716614
1749.1007449632737,3,7.076123440363618,4.193656354819034,18,21.806137329042464,0,938.4378664108227
1243.17485222734,2,5.916638395220213,2.9923064943502453,16,31.619609983864578,1,601.8111013588103
1521.4698711658177,6,10.035815927666476,4.68876843475707,21,13.237835849257563,0,1168.5485734180213
1356.702765970465,4,6.432633763137002,3.851262802362571,16,-3.4136305055680047,0,851.6045982166631
1643.6939477239175,2,8.10722479848732,0.5323472910326639,16,24.23267086676148,1,823.6755400466043
1600.0986315860846,2,4.553074382259425,4.681905380443252,5,24.33250941345578,1,744.2973618733649
1811.2619832773698,1,6.241513612378935,1.9609875952316256,17,8.474626979148384,0,867.7876110733116
1346.9950803435759,2,9.095140190057853,5.8688555664626145,18,14.172003633067149,0,865.9447336234634
1419.0375194119886,1,5.524609750620718,3.516500722213106,6,44.04174194975921,0,589.7181530228407
1206.3708852653078,5,6.384469528390462,5.560140594782128,16,19.55511508676957,0,719.4066505290682
1366.7120219771666,6,7.961706898274951,2.739562893604786,20,27.84767181100973,1,847.9092176456942
1613.1901479134556,1,4.515540959616731,4.13985853428128,8,16.79472138105293,1,728.510508122692
1727.0965849936056,4,1.6768793333616134,6.420487001013752,12,5.277576809174747,0,839.1303735836146
1223.3504027467125,6,6.5111473074247375,3.4619669071703547,6,20.637934025632756,1,601.9367924168537
1760.881776031698,1,7.977338338716005,2.8183658025283904,14,19.875163517711158,0,959.1487145850444
1906.6913576414854,6,3.2971084702160574,5.310081227563579,13,18.80097409065303,0,929.4107290246184
1624.0304709671102,6,7.340439794554677,5.271323193501921,19,21.08287331594886,0,1064.455585964279
2063.03874376742,6,7.353932774679075,2.9025017331703626,17,24.114146173165093,0,1035.4657261320924
1267.8632402689282,5,1.4530074817693919,0.02907795916447542,21,20.799064389969548,0,595.8679260537559
1126.603589006575,4,4.127422735186455,2.7799540450032882,20,11.88795065642109,0,734.5609200251944
966.3839253287164,3,5.2083424385366754,5.354719043372844,6,25.88947833249551,0,543.7603281155913
1948.8132934467549,3,5.640751999529526,2.449931621152552,24,6.405025957420614,0,981.5582696734858
1696.3096969062174,1,4.513731470464032,3.9781243259676087,24,5.597140341726398,1,1004.9964742670138
1483.3245987268635,6,4.405994392835636,2.6850301240673122,18,27.913443957612543,0,763.9939989027588
1583.9905878959462,1,9.342965782364185,0.1356656749479006,7,26.056162177082854,0,626.3028286558194
1162.353285810487,5,5.784881736282183,2.6490376459201443,16,21.540837079407712,1,775.0945735282471
2233.725593885048,5,4.609912679700521,5.346264041379425,12,10.836411961959424,1,1021.5666393091064
1538.7663545925682,2,5.9176610461749,0.0,6,16.336712474607396,1,612.1701004775396
1532.8184383814678,5,7.074181666122287,4.504334700951151,8,19.898026018507966,0,733.8233097794979
1717.7299871696075,2,6.103252753422416,1.6278615372011735,18,9.232848251407093,0,969.8060753060944
1644.302769521014,4,5.588544818344054,5.216884138948384,20,16.087770735814136,0,884.6047925259464
1567.1652072837394,1,4.699966662659094,5.4286378717473065,23,27.218642705413437,0,862.4880321055873
1262.8576633664065,4,4.675738309064802,3.656104130177448,6,33.41844291431373,1,626.2485267241718
1641.4405071407987,5,4.804383227029281,3.660663682437556,16,18.644521978731596,0,885.9072871806828
2064.6073489425103,4,6.677629201621474,2.3872746057273972,18,28.051906834528786,0,986.9299907346417
1903.6260138464934,4,4.011639815196426,1.308833199790068,10,6.687519435300262,0,752.4096123093884
1977.955987991819,4,6.786538446940444,7.396185812667467,17,27.275609928908892,0,1018.6609022493153
1346.6352970706444,5,8.82598951125366,2.2698571456577445,8,15.568412682180153,1,779.7222486712753
1203.1185539224257,6,6.6514147156264,7.135592262392945,22,24.458764933663762,0,867.1977810149053
1462.2639239701055,4,5.260828942165726,2.2809999203996463,16,20.017980654082326,0,785.9339301908591
1516.7174736866084,2,3.4037462298907393,5.050380780675456,24,32.56331207827067,0,847.5137476727052
1828.2574555412846,5,9.156213615823027,1.7243856806927305,23,15.004514813280654,0,1119.9818905219786
992.2606110855543,4,3.6599646988021752,5.04679003380403,12,27.02085038049465,0,527.7415824396832
1958.865095838184,6,7.697124068951496,3.3488252856937564,11,19.763940293627734,0,1097.604618057182
1452.597630426303,5,7.277035721188971,3.3749676786486593,20,20.73355617592269,0,936.377834430527
1371.935679015774,3,5.526462794071881,5.220046339568901,23,20.529168854726322,1,859.469986100275
1196.3686874219497,6,5.474042392438644,3.061717269841804,10,15.234615164047096,1,747.7689950960777
1003.5429984402692,2,2.3285774519179587,1.1437030091098048,24,21.887208272746626,1,696.7601597939846
1746.9511751885743,4,6.660130001625243,5.522611126818905,15,21.498814223025427,1,866.6083774116618
1521.9953901565211,3,7.239852664791609,1.7081988200353435,9,23.929921987253834,0,723.7060119811241
1113.0117300776838,3,3.821839767704391,5.03303456879582,20,22.6760411655429,0,588.1604981015362
1111.4763683809151,5,5.688357051341795,5.945993090666001,11,28.38395639689789,0,704.0524060528469
1399.2645902129616,3,6.075723830017901,3.249012227295565,9,29.38806892837895,1,693.7582226713675
2000.7064575868178,2,7.169145255899136,6.364705688183568,15,13.59501342537759,1,1035.9915363889245
1422.1225945909187,2,6.007606152246375,4.963567415722568,19,28.950180004726167,1,768.5210619337922
1049.0571140645682,1,2.7473612920768318,2.6082771597104486,7,12.509308583121165,0,380.5630581567205
1426.2770807742168,2,4.940124461075022,6.802858004532149,9,26.70284710510188,1,738.0115387050663
1418.182929075699,6,6.449251570778039,1.7166563565212192,9,26.95791027762295,0,792.9172884854826
690.9340071175285,3,7.683056684079518,3.246599140192869,13,6.7094648666999674,0,589.6092846543324
1483.7115400446564,2,4.764726781211507,3.587370392761342,19,22.743833972235276,0,809.7505339333628
1430.7196409373967,5,10.375299749100039,5.210447402036511,7,18.252031093117473,0,804.6440250990952
1708.8619094440255,1,2.2110538623260707,6.230866594762269,10,15.929877936517,0,782.6232706616794
2054.6868284836037,3,4.872599649884198,6.105583113805427,21,32.806818645592045,0,997.2431312442857
1837.9695088643273,1,5.833932793014454,4.447496639148612,12,16.77056687490065,0,832.7565071127841
1419.3333928335508,3,5.598501672894272,3.4394617910728664,15,15.548984567055602,0,744.8866597319059
1168.0422273774989,5,3.5357153403703347,0.34803151674473964,10,22.605559520040746,1,525.26892439563
2272.0079409749583,1,6.895723495503588,1.371708291089567,12,27.48471797038733,0,953.0971473753333
1517.7655302043465,4,6.7421881026278445,7.533310978582872,14,20.866811311918983,0,846.3419872031246
1504.178787573884,6,6.0959228919630934,0.3278560249949214,7,31.330964365354017,1,648.3601693966864
1492.762473866999,6,6.663687726517031,2.4310187135157806,18,26.247805295712723,1,844.2243048062455
1559.4254282303564,3,5.152447177103938,6.289212564100179,18,4.574309442148557,0,878.7481696256704
1456.6918764228174,4,2.7652740997828644,4.419426598394734,14,17.764264291943935,0,831.0684145972305
1327.901397935929,1,4.566720259895511,5.856090142011384,16,17.50526320518641,0,709.4696650997678
1335.9423176278824,4,6.314109162818882,5.085656702541353,10,25.83488762743538,0,709.3720498456833
1490.1740189352006,4,6.325488829692792,6.939165074721773,16,1.0014635490071058,0,912.0529397791693
1336.9725686598706,1,6.0827581051716955,4.59085457312977,18,42.39207766974178,1,794.7255860375294
1286.1462651968507,5,7.097416535970063,5.326895458303023,6,26.24820875915368,0,753.7178372768802
1531.929068307569,4,4.837707909099967,2.551506935883319,13,23.19101443134153,1,697.1489133312296
1423.5068347737433,4,6.053362114221072,5.172665951156274,14,31.452541731353172,1,834.7933750597141
1951.1978965748067,5,7.144185556809843,3.2077478040215426,21,40.749232422500995,1,992.9062014200599
704.7090574820965,4,5.830220362995293,3.093788264038575,21,28.965973156707225,0,615.0087431857362
1827.4520555767385,4,3.5133521431878023,5.7894470292942755,7,29.59050477177296,1,767.8629860856606
1873.8255577492887,4,4.077023260688925,5.803246752118728,23,23.04552019571506,0,963.5308239493904
877.9829302775552,6,7.661704648558733,7.376884311492263,5,20.867793973064416,0,696.7601045606169
1397.1937217758955,2,8.784944325885146,7.246526370972402,16,18.19363644796079,0,891.8769812556834
1388.5677402012625,5,8.350566215648097,5.834630322717551,11,15.391104066283663,0,971.6915531858364
1077.7464915846535,4,6.46431189948407,0.559108779526575,8,16.503887202404023,1,515.137703683662
1266.6549937227373,6,3.5937347959666144,7.6553619658993926,14,11.195552285256134,0,896.1682891209532
1166.8272463602514,5,5.987296886454263,5.835935341332725,17,21.393028394519813,0,791.704275272637
2025.6811330270868,3,9.124510263900843,2.4682798198273947,6,8.522659382188905,0,979.5690014566835
1780.7035179442382,3,7.236976760912951,5.457818311125564,14,23.527332193149686,0,980.3677323806291
1881.4665284982475,4,5.585044954632255,1.9254685180745432,8,21.709355135661266,0,785.9349226195658
1716.5016192129706,6,7.257250465682433,5.237260240219483,22,23.175482387093503,1,1076.812924283993
1161.2844686348312,6,3.4612095867687906,1.3674599178518014,9,17.82294743984006,0,453.41874352812613
1342.6439201160679,5,4.608657244303596,2.383563182426727,23,45.0,0,699.6813941298478
1646.8123683683755,5,3.8316172179553503,5.419858258401053,6,32.8809272014425,0,688.3853841560366
1133.3616573324164,6,6.9391436366968655,6.145773485985787,16,12.043659999322218,0,787.5962772203076
1713.8995290517164,5,7.428206999440185,4.65087371886762,21,23.862944699415188,0,995.5559320766788
1427.9023805525594,6,5.692347945603267,3.4276627266240585,14,17.13595085650141,0,837.1123131779111
1387.5537577351208,2,4.254140646520868,0.0,6,13.884162186340689,1,598.1001568495011
1713.2879904610475,6,5.960501812930746,3.5819578006972805,10,11.27942343100852,0,902.8436660425234
1633.278993445812,3,5.026840218652385,5.066970153649056,12,25.45773352607403,0,772.336232750135
1391.710150254276,5,4.4076585906125105,3.366469788128706,23,16.54895811944341,0,868.8378531370977
1847.7989410092744,6,6.677987370618493,3.9548441178111635,15,29.742608192201633,1,949.3727090904056
1175.6810017200307,6,4.484015554962653,3.6287650641641584,16,29.950257716243513,0,744.3320259214289
1684.780682083279,5,2.867300534071815,3.356587564357133,13,32.991315081691596,0,789.1213591654229
1677.930377390515,2,3.3117710592736262,4.151754779919625,6,15.180905871407171,1,707.1895883791975
1407.136068205803,2,2.793479066368101,3.454610835695079,12,25.802924885536083,0,588.798588870174
1597.8399066726354,5,6.495023833152409,6.886579107263884,15,27.059633733138405,0,890.6327409848592
1124.665927084409,1,6.300810876352328,0.0,8,18.20657459916828,0,507.81085825472434
1777.2081057620703,5,6.201040189016324,2.908314828057845,14,15.825824340857,0,898.1139432968023
1444.5293590671033,5,7.175463304959885,2.2594875529655494,24,34.87616532620778,0,881.7091668043033
1343.1830938442881,2,8.383917712234233,4.43822120006882,20,23.81996700585643,0,895.6161134493522
1814.7027677510669,2,4.815466938349769,4.1542895717662525,12,27.087742005693904,0,814.0641345515387
1288.6968928371723,5,6.812954954476837,7.244386203098857,8,15.42339190537658,0,811.3567294539434
1077.4616110909321,5,2.8407689851882463,7.902284096595589,14,12.24572426782245,0,737.7315323354304
1033.011247942829,5,8.7574194925267,2.453833088859038,16,17.444401804063116,1,726.7870524043907
1681.8029854036918,2,3.510337523563686,4.001000130067259,18,21.007828900880025,1,765.0262367267568
1115.871194251115,5,4.579837761919125,4.392608833848711,20,13.48623994546121,1,675.8788642983677
2026.4382545953094,5,4.804580972533815,2.404372503325328,22,21.921241530796937,0,970.6122582622103
875.4211776348834,4,2.9474580065555758,5.256764072075246,16,8.491958495452,0,659.6294820728926
2008.9369104870116,1,6.065151154817124,3.520985262470111,22,13.039620620241022,0,985.4651235032322
1563.3052401607856,3,6.427807736402963,1.8647302987980443,11,27.367289986215,0,727.9891496043286
1470.9860664388823,1,5.6211726580369,3.440863391466914,24,26.830324162223153,1,840.4729960958718
1336.524273957315,4,2.9195047359378465,2.0046508545187027,11,18.86498587690507,0,653.477434866433
1619.7408343056213,3,9.966772469703423,6.073293658838511,13,13.857885527384376,0,936.0071360205872
1488.7095892725456,5,7.098461593003296,7.803118510227341,5,13.780771587791913,0,913.6474398706991
1830.9905646049565,4,11.268444087299917,4.489638747789079,10,19.01385403246949,0,1080.1269888901322
1534.2682945986119,5,4.389781520227415,4.222553536106552,10,27.15614793316233,0,691.5151604469851
1545.0905284385633,2,7.915764456353953,4.304869533748372,16,29.425965530754596,0,808.0489205410637
1390.9163363358432,6,7.558547774788327,6.36446805787663,16,18.027746116144247,0,988.9992522368707
1482.9163128836797,4,5.4188497938052755,6.321398007194366,14,12.77206059212173,1,853.115241014993
1592.3405306676177,2,8.822101802118448,3.768692862903538,10,24.142749102930665,0,720.2114168299327
986.9494822030123,4,5.189179984772443,4.5051798547581825,21,15.411720234993204,1,661.6987054337644
1095.544373368286,4,5.278217161150786,5.305292814354157,23,17.85397888911038,1,782.6941794003834
1722.9792282068145,2,0.0,1.724625086898532,22,32.602208723496304,0,645.427511515296
1551.2596314383825,3,6.818056107485274,6.425216474840913,10,28.616923428526142,1,794.8116627980645
1444.8049990941963,1,3.348980176635187,7.469663782454456,23,23.263794498011613,0,843.3877069833718
1505.530179919618,5,4.898557608608978,6.330064209678914,14,11.824647991098217,1,945.3630646131298
1604.2745116085014,4,3.947560722509945,1.5088121767708902,12,23.691172539765272,0,704.5514016500316
1338.0720959071916,5,5.267536921363477,0.05999908916225172,10,30.50125832630021,0,671.4333485892267
1266.5085823793063,6,6.887760460434872,5.417437347035863,11,18.994930673875714,0,874.9485492455923
1558.7535765293044,2,6.0222831260975145,2.479621102075827,5,32.80891271989372,0,721.0643184606683
1206.4881667154905,5,7.419282581011614,4.574266708245972,22,32.341962316145654,1,843.1256914256984
1622.4758267143416,2,8.531259071171263,7.070297440015097,24,35.30986265714779,0,907.3361282304937
989.2249187286479,5,5.262408126644329,2.68608964720318,16,24.441945012250823,0,666.764879962207
1808.746691197693,1,5.042865515967772,3.24489068718208,20,26.6991335984481,0,920.9160525974766
1641.7792447239128,1,7.915455307324019,4.553445945176632,14,33.31349830664872,1,824.4952248120899
1576.8089202941628,1,8.074094577479858,1.4049807200355389,14,25.579151496551805,0,868.486393940063
1794.807295183654,1,7.481181736206094,2.4842876079882474,18,17.9901271376783,0,959.1787807803515
1999.642333338773,1,4.095642386521301,4.049715007502538,24,18.41165730777711,0,1011.4567567490229
1804.3110195054392,1,6.845310131003208,3.3990902623644974,14,23.908439630189914,1,910.0015810437241
947.7377306005064,2,6.218941208094578,5.216815507598453,14,11.67550862443025,0,695.7731262242386
1116.1269099792896,4,8.105057882699327,9.531959228878534,15,20.853928677086458,0,750.9013936378138
1312.5544266912964,5,4.854255820924503,4.198276678836249,6,30.77237694584203,0,616.8141786961821
1507.8273150632501,1,2.666779417700168,2.3165761079239817,24,4.469969190677752,1,858.7976959103182
1655.2977061407369,2,7.380473600760545,6.836480709515129,12,34.27585681435612,0,824.6236286035542
1282.2768560539603,2,0.8832632334857955,0.8223630493595575,11,30.978993749625275,0,459.1012921298014
1556.0300293431235,2,4.5369731922073395,1.2221836579417853,12,18.32188307335619,0,647.469546851734
1273.3851202940032,4,3.953608977363411,2.809793122704553,5,26.34712662297448,1,649.2063728675423
1316.5446591024156,5,3.9401306581885063,3.434226558960749,6,22.025181815250612,1,707.1502727898013
1078.0016709455333,4,4.501937058089808,2.7618545269655828,22,31.839922947509464,0,631.472804675652
1223.0300261667287,3,8.43474713950326,3.9369753511539543,19,29.86146514215953,0,809.2976979536548
1094.4946183150998,2,7.641110838012746,4.54948380549269,5,10.799434214535927,0,623.9428275228923
1207.2380241068001,3,5.49653863601499,6.137919070550276,9,26.698099307713413,0,707.996188571849
1816.092538982352,6,8.2672469437181,4.182376547687564,6,20.35497717085402,0,949.5756885909638
1215.1803333504172,1,3.875405689667252,2.876107504609797,24,22.6626605641448,0,746.5586892272313
2289.714619451217,1,3.6034332285056836,6.029290772878824,7,16.174624792241474,0,950.6580800142536
1647.9953702642667,4,7.727193318493181,2.364569048539739,23,35.98509655296668,1,1055.6848456729276
1555.450837108462,5,7.159286458645294,0.7347945086253538,22,30.320494559220606,0,812.9556308429792
1242.492665945636,3,5.079473196833353,6.411912035809085,22,16.08183068821626,0,759.1972106342319
1710.0929638226974,5,3.729078212603739,6.2837064896219434,18,11.32311514471814,0,933.3051187851141
1327.3086521286677,4,8.91946375007588,2.4154032155917875,12,18.914618952177214,0,714.3439835677881
1536.6029443936084,1,2.5597948981043634,3.201802292358149,16,25.476021168730448,0,612.9606246113636
2268.0253614806384,5,4.803148129312879,2.166144909340141,14,23.921646751569785,0,936.9785368992085
1471.182030082605,5,6.4571530550357945,4.653248435130268,24,32.02506259814595,0,868.6637710372624
1844.7819978857028,1,9.604329616862891,7.464098582736163,21,28.319357777446818,1,1027.135833012163
1289.0470724622337,3,6.76620042414644,5.405763597190244,15,29.756552206023255,1,787.6256951903367
1489.5034528509116,1,6.960609306026598,6.071449285166065,6,24.6148432048835,0,718.1412715403424
2031.240190690653,5,4.8612325997037455,5.639456663382024,8,10.885610158312078,0,957.0594462488698
1311.9098826636698,3,7.136960450549196,3.999761702881813,5,20.43441175082479,0,730.4006135930396
2043.7345673990785,3,6.210618641758174,6.166680875822632,19,30.480717919269324,0,996.9611737832513
1712.3255806366426,1,2.8230709191648837,5.4900611258256,17,21.587816571802833,0,801.0849250359822
1331.2599672317197,5,7.585869706986214,6.878891430306272,12,26.024722948989975,1,853.8163919079725
1689.7223217166563,4,7.940786779693703,3.0809021176764873,8,19.450013478030936,1,743.6259778957653
1791.766334888019,5,7.606730097642325,0.5237767209092268,14,13.76150521166524,1,784.6438962431235
1686.5429886651589,2,6.066655851331604,6.090502029746155,23,21.013247487631116,0,993.7054574547535
1028.9325840328631,6,4.087646233700705,4.699539041212116,22,24.47237954426123,1,758.0452872721801
1281.8588472525394,4,1.381632537430269,3.4079077993575275,9,16.75449824430845,1,682.2041356083643
1425.7444093345487,3,6.314107210802901,3.5196943753850176,23,20.114310041146652,0,878.531704248038
1477.669971269986,4,8.163884119481699,9.109372651804232,20,14.484294064112138,0,1087.1196510746913
1686.2016292652033,3,7.991064938166161,2.715610694931458,5,30.953959340512768,1,744.3138159315071
1553.3103002799762,3,7.632145686787696,2.2933933863473337,16,19.644353939295726,0,863.592899241999
1099.3966923869696,4,5.8515780429012185,4.170568466986704,6,33.622044361009465,0,662.0165371328036
1614.0593553017889,3,8.174928348062995,6.360981755945922,12,34.229982804327264,0,771.9210610917663
1683.175723585147,3,7.848323647711806,8.556803973058456,22,21.35163228222605,0,1093.9228037614143
1667.9371343793118,2,5.154732878556883,5.314729926779142,20,13.932410139621203,0,1030.5261668983032
1824.2342176663865,5,7.353196033231694,1.45918251204114,9,5.312816978133302,1,915.4470763975982
1750.1766463646713,5,4.928081709181416,7.941728541435598,17,10.223703415785668,0,1103.947145381934
1637.754023768531,6,7.080048463233844,3.9610626018458057,23,11.00932140081072,0,1003.0600990694171
1478.9502865624058,6,3.401766711397866,2.324581136210061,7,33.02775701969204,0,634.5352307106078
1001.7117199452025,2,3.555576382654157,1.841215085801292,12,22.92659669781557,0,509.1236722919232
1628.8854657397758,6,8.116414093887816,5.672657438670912,16,25.116836192735903,0,868.7990782964002
1562.3063061489333,4,7.87512024440953,4.477658772372828,6,4.236631928518992,0,804.0042862243076
1581.473651158612,1,7.267223081151663,4.690150753891701,15,12.416268566261907,0,822.8331277862242
1116.9754272539071,1,6.17593764210566,6.573006238143861,16,29.096638211570294,0,749.7645832586064
1175.6830378775212,1,1.217451137951703,2.3956908169807116,22,24.29419289906069,0,636.7800827386839
1815.9458559998711,2,5.850248123587021,6.732309256547296,17,20.82235777051522,0,979.420893844364
1488.1334538430035,2,6.908366334379676,2.9616853544126194,9,26.51873886880098,0,760.0318298370277
1704.4502092117873,3,4.930533504880817,8.328014747824714,16,35.08638244908652,0,892.6920773587025
1508.4955128391384,1,4.575011614383525,5.1974780319862806,6,20.231660291703594,1,737.2751074529216
1508.9268418487236,4,8.888840776307383,2.1595229404472454,9,22.554958421264555,0,800.8640776390565
1781.4851417927994,6,5.879422017216776,0.0,11,23.540775349850442,0,813.7019692900456
1345.1865815347878,4,6.909590339284761,5.617849444558023,16,41.136877082191944,0,771.9624589240194
1528.836233082295,6,7.54826292323873,3.251639448019633,20,5.2051498846477955,0,1020.9973061939274
1361.3174133884872,1,3.9971258469898445,3.688868610956329,12,27.465784118310463,1,605.6434492248418
1369.6511317703053,1,6.386414845428388,5.532392018348214,13,21.08158200992749,0,811.7803738638864
1407.2483629594083,1,8.639288988954599,6.020827652501311,19,26.534173809473437,0,827.3633081974929
1566.6401314901138,2,9.638446366599442,6.447420681338581,9,16.741019568042205,0,854.7327407982555
1356.3754135009567,6,6.079872794429381,1.650317383234127,17,21.608279753132397,0,821.4622900726321
1876.7268376720563,2,5.52411290530585,6.851789499249177,9,27.69128463572396,1,862.6555992829243
1231.617809334149,2,6.538048136275067,2.841909327663701,15,45.0,0,612.0801619527389
1443.9385067515923,5,6.487274094055042,0.0,14,28.46428951521657,0,769.4734224549769
1368.0806825177476,4,8.773516132262307,1.6431193062799085,24,15.21547521575593,0,886.614997835908
1934.0933653061197,4,4.007216621665865,4.43605018426513,17,18.609922543818374,0,933.2895984723115
1558.9664329534723,3,5.440253827667957,2.0423715078377214,13,18.37268713292917,1,826.3870418392654
1809.5533618405905,2,3.765717346246979,3.8239110616479124,18,7.63485461895988,0,977.5397168749628
1054.3318880889083,6,3.9758102284048458,4.676504975058356,22,19.359278466388503,0,839.7669967523117
1580.1150797607777,5,6.753148030278249,3.6372291937814283,19,27.86263265457396,0,882.9136217504007
1766.8892386870311,5,7.619715683274053,3.0112913242865664,14,11.806143047385639,0,1021.9022062807586
1524.6851967826271,4,4.70121661251251,1.4986078740235476,11,30.38786120840474,0,636.2969068144238
1819.6441125196054,2,7.544189577950579,4.0438876164306645,12,25.902198568674706,0,842.3239860911322
1344.8134649698884,3,8.223157314263936,0.0,7,16.126133424231696,0,558.1217794436518
1922.804232055674,2,9.86941199686678,2.6280039165611573,19,20.86776290129722,0,1117.17676926063
2189.669437085775,1,6.139493697682098,2.144431781878478,20,34.78657446112827,0,920.7180933681656
1391.1484318681023,2,4.7204709451117335,3.5212462969821705,8,27.868382508046928,1,617.8494526163737
1366.3492435797684,1,3.9950561367882105,3.5733404013814614,10,22.070269239185183,0,584.5209597072953
1936.0153431353103,1,3.796413604160213,5.919913348867491,5,20.098533464312126,0,833.5758720455187
1973.8716437192138,3,8.499561402807213,7.166954554499199,8,22.612872563613276,0,986.3693185492216
1343.1419918540196,6,2.969809314088699,1.7644423195260597,15,17.905891536461574,0,633.5181576679123
1373.9439548712428,4,8.4354969713024,7.985665250540059,16,5.162003954247883,0,1009.3810321012934
1415.4646173418478,2,4.263117941495702,2.441408800957136,9,38.33742328427785,1,505.34673866574457
1096.6648466897168,1,4.6295876042811885,4.34505356584618,20,23.242599993595213,0,635.0421291843081
1224.4044160547405,2,5.696889089980041,5.021725978296636,17,25.185178120980297,0,629.278081537611
1198.7577699743797,6,4.592690900866978,8.889165505165012,17,21.53673800098473,0,776.419794004454
1269.6607304687614,4,7.86395950991915,2.9154353244746716,21,16.119065594203295,0,866.3751750815145
1489.5945337839657,6,9.62668790396555,0.4065239740438935,11,20.512604152409835,0,735.9114228528306
1570.2644197609561,4,4.685135684893725,6.980758940385963,12,9.20484190244551,1,798.1510849199269
1965.150147844223,5,5.135524321670746,2.3332528824091305,17,40.21669198442643,0,888.8296882832985
1200.4937877783627,4,5.673358385432203,3.2768228388488145,20,12.123904012620832,0,763.9664959037751
1795.296719542975,3,7.0821135269852755,1.7645006921476494,8,13.744269729222564,0,934.3008904907753
1435.8033467323473,6,5.693031442088287,3.2825924539021623,12,18.477926364908797,0,884.9796873564469
1485.1608871042702,1,8.774514822105191,2.3192169275891183,20,32.30460579881902,0,785.9855347016785
1702.445847649981,5,8.293247833123855,5.352883632989543,14,22.116071994101233,0,1001.631287720752
1163.1833935313105,3,3.6290752928098,4.161583259443959,16,12.1109136317563,0,729.0449525172211
1614.7229238552152,2,7.041936331149658,2.6378896787706423,16,32.034706886058714,0,777.2450154513225
1549.9356624639167,6,9.040678474619005,5.991743953317855,9,27.84800501428385,0,832.5114478032456
1647.7353792024446,1,5.010438108466233,4.509993501349197,20,26.30747965773162,0,845.2440750607755
1586.7505931723454,4,5.411470256412887,0.3079034991118892,5,27.725873929366724,0,635.6500988154578
2236.5900419732684,1,4.94392600429409,5.839406628168604,13,41.15489520465961,0,911.1103848001951
1308.6780047246052,2,4.985848768952989,4.3697357677052695,16,39.4807591602889,0,698.3179019226693
1340.7009134994546,5,2.6630968961779042,6.781464975183085,9,16.506277255973636,0,682.3616838397448
1313.0578420725706,5,3.3433700970698985,4.24783485268529,24,34.99107994248922,0,714.8851848957997
1333.3568642519235,6,6.15494743747446,2.41658129886481,7,25.065345518071204,1,684.4704831530128
1308.7838618080448,5,9.027195949305558,3.591409333396326,9,25.992766529101996,0,796.4634489841167
1856.7049593322656,6,4.773278374963434,5.607838661761441,6,8.461833346853371,0,854.2824731734315
1926.1512743969565,6,4.7144853941028835,2.458525880598275,18,20.636913876894432,0,999.3718237024952
1328.776111875157,6,9.40304214084147,3.119406425784883,6,15.497411277307481,0,711.0807248785551
1250.2933280687314,4,3.7834850763680263,3.556622840001866,17,28.624470519146474,0,656.0284976366357
1641.4246669159213,3,2.677513674587156,1.7012567795682543,11,30.56864400322244,0,643.7840187112727
1334.3330867157085,6,4.342969127725,2.487353150742851,14,5.404109191869509,0,740.5977040144898
1689.8795453266532,6,4.674431042411268,4.34510038360838,17,21.823721087965836,0,877.0024603889881
1560.87690625539,3,2.5050938306098693,6.404955495306016,20,30.974892038354017,0,904.6185755483275
1045.2767655008304,1,5.743916587450777,4.63429396942095,18,20.50656830149244,1,632.8029143685154
1964.2515603990184,6,7.896892699723071,3.908277481261957,15,27.832509160018915,0,1143.4268938815603
2038.7633019286563,4,3.4280904525703475,2.3374584520953783,14,24.809323741016673,0,891.5087886982657
1316.1633928546842,5,6.175156437907178,6.190320823440464,10,24.733281855621012,0,778.4372565716307
1383.6895320192048,5,6.791871351253546,4.867010999893685,8,19.82948017545362,0,801.5674405279963
1585.7596172174715,2,5.8332314494514135,2.586540472961521,5,12.267353566914323,0,842.9838076226117
1600.3370369961076,2,6.371385179482119,5.797296917369801,11,13.02775882059978,0,806.5687522749095
1697.5632818018491,5,6.394654525190422,5.119154123020934,13,27.67482011564254,0,837.4730738369868
2103.061361629905,5,4.3745440861631355,2.372939301267528,12,22.155666044151065,0,878.5304887073513
1446.9158317517852,4,8.997165144023736,3.7972434874715995,9,20.891902043142203,1,815.8801990943623
1260.5108266384639,3,8.49551366815243,3.0144545435141263,23,18.60887966142118,1,775.7149853407402
1086.2042315956419,2,8.379822794482335,9.26707588006321,14,19.558489236153985,0,833.1398511994836
1280.7209880174244,3,8.027351481087727,5.063489766251317,15,30.375294355905115,0,874.7213523604152
1490.0619081378609,4,2.850041061133952,4.37352410969648,19,19.318047345055785,0,805.356308659708
2038.3673590553362,5,7.852124755623932,4.945326112153427,10,11.27148229358745,0,1033.2711290207417
1344.7166102891485,6,7.311202855099015,6.758325176394996,19,27.949214204321386,0,886.6058929449745
1567.1363854916694,3,2.9269527701124334,3.8332397111230687,9,20.360986689082264,0,738.8221542831046
1495.0731311781744,5,5.570179289699843,2.8201814042684874,23,22.25116692426221,1,833.1349102466291
1856.5179820344251,5,6.553586898650576,5.6885664561948355,23,34.86062645119608,0,1127.304312876863
2258.0797277620863,1,9.32863419624927,3.650110867997376,14,21.835515541195942,0,1169.803431356935
1340.739368123904,3,7.4494477157885175,1.8602093418389933,16,24.3134693849498,0,770.559321946904
1353.1681672445334,6,4.270868545443397,1.4706271364878831,8,12.568612069613398,1,665.8531159265302
1813.2482631207217,3,9.390776916903926,7.058593101679067,22,20.24264438119232,0,1175.720821160897
1704.5674468878933,5,6.087559525427778,4.263289133838569,20,26.87620836166881,0,997.9363049051937
2054.01219772081,6,5.4883177261938165,2.8208652320151977,12,9.557010129270061,0,950.8582901706114
1675.1784555977893,4,5.345763606822375,3.531330177915873,8,23.606760744925676,1,741.6761915166015
1392.212372763882,1,2.7528895239537334,5.614889436016703,16,22.80632858115845,0,639.2473811707019
1677.1964492076927,5,5.780460992367716,3.41318896831591,6,22.330299644699515,1,796.3965869204231
1832.6110741748723,2,6.994970514611316,1.1011605416451635,8,30.297271189265945,0,799.1203765556944
1746.1446543592092,2,5.229233344949568,4.651681704295849,9,24.675508118788173,0,726.0850577679909
1652.1822093321894,1,6.840904954495117,6.416695635147127,7,33.824575186851554,0,755.7775285636147
1820.0024068767461,4,4.271217858171639,6.282928635944502,13,14.05128387524771,0,858.9231937313942
1850.7886771337019,5,5.71814417144476,2.8813401237255096,22,23.087396537746784,0,936.6148297753075
1914.647697311258,3,6.633080653217264,6.538345312916759,15,22.67573429111958,1,1017.5118819201003
1694.6129662768928,1,6.379321754126842,4.425899947343246,7,13.44596404995936,0,764.3729371993118
1449.8645759049436,4,2.7890698205619073,6.482294687757454,6,29.65036001673077,0,650.3396341888724
1544.014105929997,3,5.1219880982575425,5.147374060005108,13,40.59738644682254,0,666.0436696977065
1861.9526899525072,2,9.354925860625212,0.9568063147346608,18,21.863951404129352,0,965.3527360699209
1254.919298703829,2,5.015107851338964,7.493477875016692,8,26.040168706190137,0,681.3888712841539
1610.6019926618703,3,6.0316150882236785,4.103567702397907,13,22.676147806522618,0,786.5659231308853
1381.9983563017918,1,5.826488498902111,5.153587647827634,17,16.291322640742592,0,790.0087895132915
1508.6234468804453,2,9.136479517839302,1.3119107430563117,22,7.43391777758387,0,943.950227563663
1883.5355587821896,5,8.58073624438934,5.010653000156131,19,16.353812135237078,1,1046.9872898963345
1557.329720405971,6,7.615061999637619,6.205855465485319,14,10.86433295238615,0,905.2864493651907
1513.9309644468447,3,4.053515373254933,7.870640673196808,20,35.632816624472945,1,933.3102588902848
1092.0431577060242,3,6.71836609838416,6.800799589590564,16,21.079122448614086,0,741.6870889818667
1723.8760698081662,2,7.135883486150264,5.1084494078920795,24,19.232645367622634,0,1005.1929549918356
1693.6452543423227,1,4.602790328807892,0.9112452933032276,9,29.113230598302447,0,709.5905353450669
2148.976416991638,5,4.258965788304622,4.2645455809948425,6,13.025991177152896,0,1108.8327672720693
1407.6665295140997,1,9.41002829441406,2.814980869574139,14,15.865087695963581,1,751.0306980237301
1565.7450982991818,4,5.398393375566142,4.4699557496324935,5,22.54457815398897,0,758.9401050959166
1574.8151051132265,4,9.229953637822296,1.567348334409802,11,30.230151931387844,0,778.4722691088525
1973.2359839290423,6,7.994187510989068,3.579666184416197,21,26.013480361350304,1,1050.438850328877
1471.4113402839143,2,6.815753564750643,2.965633832387863,20,23.986601140127057,0,793.159513380977
1583.7064577311019,2,6.905062872718969,2.9036672880615075,7,22.62494188188813,0,681.6542808628412
1682.3689529149617,2,3.1991608793384647,2.923527628017691,18,25.2018868442142,0,775.4900317964283
1555.9827369469074,6,6.413549559668833,3.728290567223511,14,23.61322324103404,1,779.1345673447493
1366.0699156348414,4,8.834040825963253,4.572389518096044,11,13.760221801784514,0,898.1794986216946
1558.2269978694924,1,7.362679006371218,0.0,21,22.36863377306521,0,812.1793200026012
1822.0895249579316,6,6.308673374128821,0.0,10,13.41049072865798,0,875.233968299698
1192.0454101766818,6,9.42387439163406,3.3226173201562497,8,22.64866034320659,1,730.4074176200501
1539.8909022440628,1,5.629918554678392,3.604461910588771,21,18.15481646809407,0,826.9798266370844
1289.963755518248,2,4.760888649956631,4.378222433207881,13,42.31505298226289,0,641.0088278801256
1858.5139886774527,5,6.307663832156514,2.544655290287552,8,21.680844929986304,0,797.8938318026494
1043.0439285648677,1,7.532934736223192,4.018930388045363,11,10.76608346990729,1,648.4173826055586
1332.3234458185234,4,2.564411808383478,4.25304641003611,6,20.926558314584604,1,555.1079065181896
1613.1635625193562,3,6.569737286980835,2.530883806269057,21,26.154869965103103,1,822.8171266308489
1969.657208770302,3,7.62069003107262,6.026911643482202,12,35.38691156922019,0,855.2999995386076
1480.2749216781037,6,5.460716749406278,4.353972622910121,19,17.284380800490254,0,962.7930347693197
1333.4401419920405,3,8.213929532605283,5.09392219092658,19,9.34057620781088,0,879.9100584501548
2064.347120832177,5,7.2823733248221405,4.137691462567705,12,28.53469609144785,1,1043.6820131053946
1065.5958298751268,2,10.282766237022155,8.20734620612344,20,10.95521035280279,0,991.4688140218669
840.3582130139754,4,4.498794204837569,5.192794138235307,23,18.51075646794012,0,638.600947060193
1632.0043350159997,5,7.6614197009921785,3.0240133675855496,15,19.939036115912046,1,844.3793902499368
1349.3837326942166,4,3.9653521844051904,5.641933768736801,6,21.442932373599135,0,800.4839506401175
1193.630154860786,4,2.769267097446548,0.7247901650866564,21,27.513315656594685,0,716.8228773227057
1712.506934189806,2,1.9289383143642542,4.239200525334208,20,16.5309257417089,0,825.5908457312004
1573.1402141313597,6,7.076648044793853,4.638320580183981,19,19.810165982665914,0,975.0628343358035
1330.7764107789815,3,6.368495827888205,4.262041524157397,17,21.88583717640489,1,753.4863177374733
1115.9086803987316,2,5.041897885276493,3.3324422583222253,19,23.196783660150306,0,699.4961811475424
1761.7371984840433,5,2.452991332100774,1.9754532863259695,8,22.78261739766338,0,680.148061345138
1695.0603533875983,6,4.619226747722648,2.421305975898075,20,25.488046201780637,0,784.3430674070461
1470.2472408661852,5,6.008186015350913,4.2041498324947675,16,28.750716077133898,0,758.0318817365693
2053.9910988142997,6,7.586338733586196,1.7729615351440149,8,25.141072925207745,0,936.9464473037311
1178.9745701021543,5,5.966928499504749,7.540335231294545,7,25.62868418807375,0,665.2328738048053
1042.3424487225784,2,6.504120685410555,0.0,21,9.342214666028179,0,683.9152345082762
1292.4275790356266,6,5.247735238051728,3.353124264910792,22,22.401821593325444,0,775.0456232085776
1486.3241950933507,6,9.498448405054308,4.220779278215394,22,25.836060384012868,0,961.1481769415325
1573.0018347968075,4,3.9635007113435443,5.014841855666577,21,27.831529556563602,0,900.4485819869311
1427.629182643101,4,4.601523565429744,2.1681505454751457,16,16.461193806129646,1,761.6803008017931
1605.6166189542892,1,5.015283852012974,6.268589587776425,8,16.72768580089084,1,768.7725952737998
1124.5381727428667,5,7.085408795953448,1.2123379123741542,16,17.407194597731213,1,757.4700448295182
1933.1293812219778,4,3.922280420426239,2.867742822784864,24,26.291311199130746,0,980.5071774029217
1475.3546464822293,1,6.2714371810959975,5.241495110558848,19,30.271048439393667,0,890.7372449276331
1835.1887494764383,4,6.329820286853114,6.0803771295855045,20,18.740319141667186,0,1011.1957540652108
1602.8176039133114,5,4.61128405853324,1.1919974072378046,9,29.263698509016393,0,675.694486328656
1637.0259657461352,6,6.659958921913714,9.290073580830317,19,22.987838473316753,0,989.3892556487722
1670.9301840696612,3,3.9843722025251376,2.205016873665581,21,21.00571378270051,0,815.5225205406158
1634.3125680051944,5,3.765851715076508,1.3756350449444348,22,20.30892616145625,1,886.2644804081133
1692.8168279602633,2,6.199211513042881,5.005429783546514,9,27.972890916817256,0,864.0146277477363
1898.7457590397294,4,2.6804888290438744,3.3034130928370855,17,24.60462253429656,0,906.9056010962012
1558.956350910441,4,1.7103945948995243,3.007895374920511,23,40.2066034211811,1,642.2752740530154
1712.7011272765537,6,7.065666601593601,5.191288115139439,17,15.182202856021407,0,1062.8884175905675
1473.079291713832,2,8.09793988518234,0.9454086191443816,22,26.144813616239805,1,734.9200850142728
1932.0351646348417,6,5.066393762614942,0.5957312000505954,18,17.766391921507896,1,971.7917078984316
1297.0823093822191,2,4.663858695804459,2.8051532697135437,8,15.045704104090849,1,600.2978869632227
2040.2821298732447,3,8.01107045194912,6.15580347890665,8,21.913062903720224,0,1029.8649468243666
1487.952614806697,4,3.70892356400216,2.8918894131744324,24,23.09881983525629,0,761.0277849050544
1070.7674693645856,4,3.2732547505576832,7.198313369057228,24,45.0,0,770.5862585897696
1538.4313244732368,3,7.415272847416976,6.402029522343781,23,20.526833474534385,0,915.1225712454234
1295.6845027575357,1,6.0180763730246145,4.5658923690149695,17,12.958570164122532,0,743.1766514981489
1752.1930646966173,6,8.129753478580476,4.679447718749514,16,24.184085739955087,0,950.0337221401703
1304.2128062092827,3,1.7194682424440417,4.564005250033711,11,5.402879699629054,0,576.6077711845479
1366.144970035566,6,3.198652017762874,4.3194354573642,16,21.264345739165872,0,767.1318417639515
933.1377807163407,5,6.028664119688313,3.267516605043641,8,22.128202258361284,1,666.928118424747
1364.308104225277,4,6.835347396967573,3.4996243335856745,6,28.356803063561692,1,810.4434547888012
772.836202011313,6,7.693994175378917,1.860079686814836,6,29.788977995422776,0,526.8931640922076
1024.829152954283,2,6.349635537617555,0.0,9,17.97144304873826,0,588.1093689338851
1728.124396843289,6,6.329310310717138,6.2081412185641,14,20.795087882960537,1,972.0523694397424
1735.7400475952497,5,5.221196913939603,4.3145168735705965,14,15.871033355114633,0,929.8733342715436
1627.6372685354895,4,9.181809809809035,4.012422711243572,13,12.975499561538449,1,924.050948789767
1209.9071570612361,3,3.7939530890590043,4.7968982457157585,17,24.479158235045077,1,697.075310825156
1485.6865931574062,5,6.718040305111877,2.343205090412702,11,11.811315611227206,0,836.9610757799126
1498.9192382728295,4,4.02438233082396,1.9978755732311342,9,18.682984795425096,1,647.2709003869786
1152.490593242237,6,7.069557091610019,3.4326306126436945,14,14.038608320806102,0,775.1481775587278
1951.019490530145,1,3.9259648612244673,6.736196963527625,14,26.397465490322077,0,891.065005539367
1763.2086871727015,1,7.487631397000916,1.6625179430137473,10,36.411440794131906,0,796.4895934212387
1433.710747851101,2,6.224209893649034,0.0,23,11.58729613757335,0,757.654974702452
1508.0657516983592,4,9.489278346517363,2.957197816362495,12,7.175852136819447,1,896.6909736588507
1562.5148423842656,1,5.437960705456828,6.285399832470366,5,21.00090491719946,0,828.0090257021441
887.4795394727128,3,6.849932232495091,0.5349119512912925,21,22.125582367662066,0,695.0166672063276
1425.846785243821,4,4.44068743907858,1.6394327923542567,11,23.74927445405838,0,737.771006479456
1295.4047256006604,3,5.424213987117411,4.527093481156338,18,18.42943587812524,1,777.7019213557861
1199.5139970315254,3,6.211498958888706,9.13981407095067,21,20.394885609396546,1,899.8031758568002
1415.6699121342135,1,2.945560155057252,1.2835766629476089,13,24.940083284324817,1,636.3030692578194
2039.3059580548568,4,3.164752131630456,1.2061318170640818,21,30.32344714115871,0,972.0756621015705
1692.252858380103,6,7.19971859967129,4.677396737678371,9,6.359609837453737,0,844.5577821028751
1328.646303065161,5,5.707826356936641,6.409348879987409,24,19.048484487748304,0,861.5590086269752
1671.7748344068475,1,4.814146933903956,2.7518025753485795,12,23.710470351528507,0,806.2629691921717
